Workbook

Sheet BRITA
A1: 仓库ID | B1: 客户 | C1: 产品 | D1: 中文描述 | E1: 英文描述 | F1: 批次 | G1: 库位 | H1: 跟踪号 | I1: LPN | J1: 单位 | K1: 库存数量 | L1: 分配数量 | M1: 冻结数量 | N1: 可用数量 | O1: 订单数 | P1: 补货待下架数量 | Q1: 补货待上架数量 | R1: 待上架数量 | S1: 待移出数量 | T1: 待移入数量 | U1: 待调整数量 | V1: 体积 | W1: 毛重 | X1: 净重 | Y1: 价值 | Z1: 自定义1 | AA1: 自定义2 | AB1: 自定义3 | AC1: 生产日期 | AD1: 失效日期 | AE1: 入库日期 | AF1: 生产批号 | AG1: SAP库位 | AH1: 特殊操作 | AI1: 质量状态 | AJ1: 托数 | AK1: Age Range | AL1: Category | AM1: Product | AN1: Color | AP1: Age Range
A2: WH01 | B2: BRITA | C2: 1046726 | D2: 矿泉壶,PS透明壶身配亮黑色上盖1支装,Marella XL 1046726 | E2: * | F2: LT00048387 | G2: 1A00101 | H2: * | I2: * | J2: EA | K2: 96 | L2: 0 | M2: 0 | N2: 96 | P2: 0 | Q2: 0 | R2: 0 | S2: 0 | T2: 0 | U2: 0 | V2: 0 | W2: 0 | X2: 0 | Y2: 0 | AC2: 2024-04-02 | AD2: 2033-04-02 | AE2: 2024-04-02 | AF2: KI4121 | AG2: 1020UR | AI2: N | AJ2: 1 | AK2: =IF(AJ2>$AP$2,$AQ$2,IF(AJ2>$AP$3,$AQ$3,IF(AJ2>$AP$4,$AQ$4,$AQ$5))) -> =<90 | AL2: =VLOOKUP(C:C,[1]基础信息!B$1:D$65536,3,0) -> Jug | AM2: =VLOOKUP(C:C,[1]基础信息!B$1:E$65536,4,0) -> Marella XL | AN2: =VLOOKUP(C:C,[1]基础信息!B$1:F$65536,5,0) -> Black | AP2: 360 | AQ2: >360
A3: WH01 | B3: BRITA | C3: 1049197 | D3: 矿泉壶,PS透明壶身配蓝色上盖12支装,,Green Pack 1049197 | E3: * | F3: LT00049548 | G3: 1A00102 | H3: 0000369439 | J3: EA | K3: 31 | L3: 0 | M3: 0 | N3: 31 | P3: 0 | Q3: 0 | R3: 0 | S3: 0 | T3: 0 | U3: 0 | V3: 0 | W3: 0 | X3: 0 | Y3: 0 | AC3: 2024-04-28 | AD3: 2031-04-28 | AE3: 2024-04-28 | AF3: KI4174 | AG3: 1020UR | AI3: N | AJ3: 1 | AK3: =IF(AJ3>$AP$2,$AQ$2,IF(AJ3>$AP$3,$AQ$3,IF(AJ3>$AP$4,$AQ$4,$AQ$5))) -> =<90 | AL3: =VLOOKUP(C:C,[1]基础信息!B$1:D$65536,3,0) -> Jug | AM3: =VLOOKUP(C:C,[1]基础信息!B$1:E$65536,4,0) -> Marella XL | AN3: =VLOOKUP(C:C,[1]基础信息!B$1:F$65536,5,0) -> Blue | AP3: 180 | AQ3: 181-360
A4: WH01 | B4: BRITA | C4: 1049197 | D4: 矿泉壶,PS透明壶身配蓝色上盖12支装,,Green Pack 1049197 | E4: * | F4: LT00049548 | G4: 1A00103 | H4: 0000369440 | J4: EA | K4: 72 | L4: 0 | M4: 0 | N4: 72 | P4: 0 | Q4: 0 | R4: 0 | S4: 0 | T4: 0 | U4: 0 | V4: 0 | W4: 0 | X4: 0 | Y4: 0 | AC4: 2024-04-28 | AD4: 2031-04-28 | AE4: 2024-04-28 | AF4: KI4174 | AG4: 1020UR | AI4: N | AJ4: 1 | AK4: =IF(AJ4>$AP$2,$AQ$2,IF(AJ4>$AP$3,$AQ$3,IF(AJ4>$AP$4,$AQ$4,$AQ$5))) -> =<90 | AL4: =VLOOKUP(C:C,[1]基础信息!B$1:D$65536,3,0) -> Jug | AM4: =VLOOKUP(C:C,[1]基础信息!B$1:E$65536,4,0) -> Marella XL | AN4: =VLOOKUP(C:C,[1]基础信息!B$1:F$65536,5,0) -> Blue | AP4: 90 | AQ4: 91-180
A5: WH01 | B5: BRITA | C5: 1053318 | D5: F&B Dispen Ladoga MXplus UVC Whi CU CN | E5: * | F5: LT00052270 | G5: 1A00104 | H5: 0000372099 | J5: EA | K5: 36 | L5: 0 | M5: 0 | N5: 36 | P5: 0 | Q5: 0 | R5: 0 | S5: 0 | T5: 0 | U5: 0 | V5: 0 | W5: 0 | X5: 0 | Y5: 0 | AC5: 2024-05-10 | AD5: 2031-05-10 | AE5: 2024-05-10 | AF5: WH4192 | AG5: 1011UR | AI5: N | AJ5: 1 | AK5: =IF(AJ5>$AP$2,$AQ$2,IF(AJ5>$AP$3,$AQ$3,IF(AJ5>$AP$4,$AQ$4,$AQ$5))) -> =<90 | AL5: =VLOOKUP(C:C,[1]基础信息!B$1:D$65536,3,0) -> Hotcup | AM5: =VLOOKUP(C:C,[1]基础信息!B$1:E$65536,4,0) -> Hotcup | AN5: =VLOOKUP(C:C,[1]基础信息!B$1:F$65536,5,0) -> Whi | AQ5: =<90
A6: WH01 | B6: BRITA | C6: 1053318 | D6: F&B Dispen Ladoga MXplus UVC Whi CU CN | E6: * | F6: LT00052270 | G6: 1A00105 | H6: 0000372100 | J6: EA | K6: 36 | L6: 0 | M6: 0 | N6: 36 | P6: 0 | Q6: 0 | R6: 0 | S6: 0 | T6: 0 | U6: 0 | V6: 0 | W6: 0 | X6: 0 | Y6: 0 | AC6: 2024-05-10 | AD6: 2031-05-10 | AE6: 2024-05-10 | AF6: WH4192 | AG6: 1011UR | AI6: N | AJ6: 1 | AK6: =IF(AJ6>$AP$2,$AQ$2,IF(AJ6>$AP$3,$AQ$3,IF(AJ6>$AP$4,$AQ$4,$AQ$5))) -> =<90 | AL6: =VLOOKUP(C:C,[1]基础信息!B$1:D$65536,3,0) -> Hotcup | AM6: =VLOOKUP(C:C,[1]基础信息!B$1:E$65536,4,0) -> Hotcup | AN6: =VLOOKUP(C:C,[1]基础信息!B$1:F$65536,5,0) -> Whi
A7: WH01 | B7: BRITA | C7: 1053318 | D7: F&B Dispen Ladoga MXplus UVC Whi CU CN | E7: * | F7: LT00052271 | G7: 1A00201 | H7: * | J7: EA | K7: 36 | L7: 0 | M7: 0 | N7: 36 | P7: 0 | Q7: 0 | R7: 0 | S7: 0 | T7: 0 | U7: 0 | V7: 0 | W7: 0 | X7: 0 | Y7: 0 | AC7: 2024-05-10 | AD7: 2031-05-10 | AE7: 2024-05-10 | AF7: WH4186 | AG7: 1011UR | AI7: N | AJ7: 1 | AK7: =IF(AJ7>$AP$2,$AQ$2,IF(AJ7>$AP$3,$AQ$3,IF(AJ7>$AP$4,$AQ$4,$AQ$5))) -> =<90 | AL7: =VLOOKUP(C:C,[1]基础信息!B$1:D$65536,3,0) -> Hotcup | AM7: =VLOOKUP(C:C,[1]基础信息!B$1:E$65536,4,0) -> Hotcup | AN7: =VLOOKUP(C:C,[1]基础信息!B$1:F$65536,5,0) -> Whi
A8: WH01 | B8: BRITA | C8: 1045641 | D8: "Style XL LED4W Mxplus blue NT CU CNO_x000D_ 滤水壶; Style 中国蓝 一壶一芯" | E8: * | F8: LT00051320 | G8: 1A00202 | H8: 0000377378 | J8: EA | K8: 96 | L8: 0 | M8: 0 | N8: 96 | P8: 0 | Q8: 0 | R8: 0 | S8: 0 | T8: 0 | U8: 0 | V8: 0 | W8: 0 | X8: 0 | Y8: 0 | AC8: 2024-06-15 | AD8: 2031-06-15 | AE8: 2024-06-15 | AF8: YE4236S2 | AG8: 1020UR | AI8: N | AJ8: 1 | AK8: =IF(AJ8>$AP$2,$AQ$2,IF(AJ8>$AP$3,$AQ$3,IF(AJ8>$AP$4,$AQ$4,$AQ$5))) -> =<90 | AL8: =VLOOKUP(C:C,[1]基础信息!B$1:D$65536,3,0) -> Jug | AM8: =VLOOKUP(C:C,[1]基础信息!B$1:E$65536,4,0) -> Mxplus | AN8: =VLOOKUP(C:C,[1]基础信息!B$1:F$65536,5,0) -> Blue
A9: WH01 | B9: BRITA | C9: 1045641 | D9: "Style XL LED4W Mxplus blue NT CU CNO_x000D_ 滤水壶; Style 中国蓝 一壶一芯" | E9: * | F9: LT00051320 | G9: 1A00203 | H9: 0000377379 | J9: EA | K9: 96 | L9: 0 | M9: 0 | N9: 96 | P9: 0 | Q9: 0 | R9: 0 | S9: 0 | T9: 0 | U9: 0 | V9: 0 | W9: 0 | X9: 0 | Y9: 0 | AC9: 2024-06-15 | AD9: 2031-06-15 | AE9: 2024-06-15 | AF9: YE4236S2 | AG9: 1020UR | AI9: N | AJ9: 1 | AK9: =IF(AJ9>$AP$2,$AQ$2,IF(AJ9>$AP$3,$AQ$3,IF(AJ9>$AP$4,$AQ$4,$AQ$5))) -> =<90 | AL9: =VLOOKUP(C:C,[1]基础信息!B$1:D$65536,3,0) -> Jug | AM9: =VLOOKUP(C:C,[1]基础信息!B$1:E$65536,4,0) -> Mxplus | AN9: =VLOOKUP(C:C,[1]基础信息!B$1:F$65536,5,0) -> Blue
A10: WH01 | B10: BRITA | C10: 1036009 | D10: Refill Fika mypure pro CB CN | E10: * | F10: LT00045427 | G10: 1A00204 | H10: 0000353662 | J10: EA | K10: 20 | L10: 0 | M10: 0 | N10: 20 | P10: 0 | Q10: 0 | R10: 0 | S10: 0 | T10: 0 | U10: 0 | V10: 0 | W10: 0 | X10: 0 | Y10: 0 | AC10: 2024-01-09 | AD10: 2031-01-09 | AE10: 2024-01-10 | AF10: 0006207536 | AG10: 1020UR | AI10: N | AJ10: 1 | AK10: =IF(AJ10>$AP$2,$AQ$2,IF(AJ10>$AP$3,$AQ$3,IF(AJ10>$AP$4,$AQ$4,$AQ$5))) -> =<90 | AL10: =VLOOKUP(C:C,[1]基础信息!B$1:D$65536,3,0) -> UTS | AM10: =VLOOKUP(C:C,[1]基础信息!B$1:E$65536,4,0) -> MyPure Pro | AN10: =VLOOKUP(C:C,[1]基础信息!B$1:F$65536,5,0) -> Refill
A11: WH01 | B11: BRITA | C11: 1053318 | D11: F&B Dispen Ladoga MXplus UVC Whi CU CN | E11: * | F11: LT00052270 | G11: 1A00205 | H11: 0000372101 | J11: EA | K11: 36 | L11: 0 | M11: 0 | N11: 36 | P11: 0 | Q11: 0 | R11: 0 | S11: 0 | T11: 0 | U11: 0 | V11: 0 | W11: 0 | X11: 0 | Y11: 0 | AC11: 2024-05-10 | AD11: 2031-05-10 | AE11: 2024-05-10 | AF11: WH4192 | AG11: 1011UR | AI11: N | AJ11: 1 | AK11: =IF(AJ11>$AP$2,$AQ$2,IF(AJ11>$AP$3,$AQ$3,IF(AJ11>$AP$4,$AQ$4,$AQ$5))) -> =<90 | AL11: =VLOOKUP(C:C,[1]基础信息!B$1:D$65536,3,0) -> Hotcup | AM11: =VLOOKUP(C:C,[1]基础信息!B$1:E$65536,4,0) -> Hotcup | AN11: =VLOOKUP(C:C,[1]基础信息!B$1:F$65536,5,0) -> Whi
A12: WH01 | B12: BRITA | C12: 1046537 | D12: 矿泉壶,PS透明壶身配蓝色上盖1支装,Marella XL 1046537 | E12: 1046537 | F12: LT00050853 | G12: 1A00302 | H12: 0000375652 | J12: EA | K12: 96 | L12: 0 | M12: 0 | N12: 96 | P12: 0 | Q12: 0 | R12: 0 | S12: 0 | T12: 0 | U12: 0 | V12: 0 | W12: 0 | X12: 0 | Y12: 0 | AC12: 2024-06-01 | AD12: 2031-06-01 | AE12: 2024-06-01 | AF12: KI4227 | AG12: 1020UR | AI12: N | AJ12: 1 | AK12: =IF(AJ12>$AP$2,$AQ$2,IF(AJ12>$AP$3,$AQ$3,IF(AJ12>$AP$4,$AQ$4,$AQ$5))) -> =<90 | AL12: =VLOOKUP(C:C,[1]基础信息!B$1:D$65536,3,0) -> Jug | AM12: =VLOOKUP(C:C,[1]基础信息!B$1:E$65536,4,0) -> Marella XL | AN12: =VLOOKUP(C:C,[1]基础信息!B$1:F$65536,5,0) -> Blue
A13: WH01 | B13: BRITA | C13: 1036010 | D13: Refill Fika mypure pro CB-UF CN | E13: * | F13: LT00050982 | G13: 1A00303 | H13: 0000376239 | J13: EA | K13: 20 | L13: 0 | M13: 0 | N13: 20 | P13: 0 | Q13: 0 | R13: 0 | S13: 0 | T13: 0 | U13: 0 | V13: 0 | W13: 0 | X13: 0 | Y13: 0 | AC13: 2024-06-06 | AD13: 2031-06-06 | AE13: 2024-06-06 | AF13: 0006229620 | AG13: 1020UR | AI13: N | AJ13: 1 | AK13: =IF(AJ13>$AP$2,$AQ$2,IF(AJ13>$AP$3,$AQ$3,IF(AJ13>$AP$4,$AQ$4,$AQ$5))) -> =<90 | AL13: =VLOOKUP(C:C,[1]基础信息!B$1:D$65536,3,0) -> UTS | AM13: =VLOOKUP(C:C,[1]基础信息!B$1:E$65536,4,0) -> MyPure Pro | AN13: =VLOOKUP(C:C,[1]基础信息!B$1:F$65536,5,0) -> Refill
A14: WH01 | B14: BRITA | C14: 1045641 | D14: "Style XL LED4W Mxplus blue NT CU CNO_x000D_ 滤水壶; Style 中国蓝 一壶一芯" | E14: * | F14: LT00051320 | G14: 1A00304 | H14: 0000377380 | J14: EA | K14: 96 | L14: 0 | M14: 0 | N14: 96 | P14: 0 | Q14: 0 | R14: 0 | S14: 0 | T14: 0 | U14: 0 | V14: 0 | W14: 0 | X14: 0 | Y14: 0 | AC14: 2024-06-15 | AD14: 2031-06-15 | AE14: 2024-06-15 | AF14: YE4236S2 | AG14: 1020UR | AI14: N | AJ14: 1 | AK14: =IF(AJ14>$AP$2,$AQ$2,IF(AJ14>$AP$3,$AQ$3,IF(AJ14>$AP$4,$AQ$4,$AQ$5))) -> =<90 | AL14: =VLOOKUP(C:C,[1]基础信息!B$1:D$65536,3,0) -> Jug | AM14: =VLOOKUP(C:C,[1]基础信息!B$1:E$65536,4,0) -> Mxplus | AN14: =VLOOKUP(C:C,[1]基础信息!B$1:F$65536,5,0) -> Blue
A15: WH01 | B15: BRITA | C15: 1045641 | D15: "Style XL LED4W Mxplus blue NT CU CNO_x000D_ 滤水壶; Style 中国蓝 一壶一芯" | E15: * | F15: LT00051320 | G15: 1A00305 | H15: 0000377381 | J15: EA | K15: 96 | L15: 0 | M15: 0 | N15: 96 | P15: 0 | Q15: 0 | R15: 0 | S15: 0 | T15: 0 | U15: 0 | V15: 0 | W15: 0 | X15: 0 | Y15: 0 | AC15: 2024-06-15 | AD15: 2031-06-15 | AE15: 2024-06-15 | AF15: YE4236S2 | AG15: 1020UR | AI15: N | AJ15: 1 | AK15: =IF(AJ15>$AP$2,$AQ$2,IF(AJ15>$AP$3,$AQ$3,IF(AJ15>$AP$4,$AQ$4,$AQ$5))) -> =<90 | AL15: =VLOOKUP(C:C,[1]基础信息!B$1:D$65536,3,0) -> Jug | AM15: =VLOOKUP(C:C,[1]基础信息!B$1:E$65536,4,0) -> Mxplus | AN15: =VLOOKUP(C:C,[1]基础信息!B$1:F$65536,5,0) -> Blue
A16: WH01 | B16: BRITA | C16: 1046726 | D16: 矿泉壶,PS透明壶身配亮黑色上盖1支装,Marella XL 1046726 | E16: * | F16: LT00048387 | G16: 1A00401 | H16: * | I16: * | J16: EA | K16: 96 | L16: 0 | M16: 0 | N16: 96 | P16: 0 | Q16: 0 | R16: 0 | S16: 0 | T16: 0 | U16: 0 | V16: 0 | W16: 0 | X16: 0 | Y16: 0 | AC16: 2024-04-02 | AD16: 2033-04-02 | AE16: 2024-04-02 | AF16: KI4121 | AG16: 1020UR | AI16: N | AJ16: 1 | AK16: =IF(AJ16>$AP$2,$AQ$2,IF(AJ16>$AP$3,$AQ$3,IF(AJ16>$AP$4,$AQ$4,$AQ$5))) -> =<90 | AL16: =VLOOKUP(C:C,[1]基础信息!B$1:D$65536,3,0) -> Jug | AM16: =VLOOKUP(C:C,[1]基础信息!B$1:E$65536,4,0) -> Marella XL | AN16: =VLOOKUP(C:C,[1]基础信息!B$1:F$65536,5,0) -> Black
A17: WH01 | B17: BRITA | C17: 1046537 | D17: 矿泉壶,PS透明壶身配蓝色上盖1支装,Marella XL 1046537 | E17: 1046537 | F17: LT00050065 | G17: 1A00402 | H17: 0000372416 | J17: EA | K17: 92 | L17: 0 | M17: 0 | N17: 92 | P17: 0 | Q17: 0 | R17: 0 | S17: 0 | T17: 0 | U17: 0 | V17: 0 | W17: 0 | X17: 0 | Y17: 0 | AC17: 2024-05-13 | AD17: 2031-05-13 | AE17: 2024-05-13 | AF17: KI4196 | AG17: 1020UR | AI17: N | AJ17: 1 | AK17: =IF(AJ17>$AP$2,$AQ$2,IF(AJ17>$AP$3,$AQ$3,IF(AJ17>$AP$4,$AQ$4,$AQ$5))) -> =<90 | AL17: =VLOOKUP(C:C,[1]基础信息!B$1:D$65536,3,0) -> Jug | AM17: =VLOOKUP(C:C,[1]基础信息!B$1:E$65536,4,0) -> Marella XL | AN17: =VLOOKUP(C:C,[1]基础信息!B$1:F$65536,5,0) -> Blue
A18: WH01 | B18: BRITA | C18: 1045641 | D18: "Style XL LED4W Mxplus blue NT CU CNO_x000D_ 滤水壶; Style 中国蓝 一壶一芯" | E18: * | F18: LT00051320 | G18: 1A00403 | H18: 0000377382 | J18: EA | K18: 96 | L18: 0 | M18: 0 | N18: 96 | P18: 0 | Q18: 0 | R18: 0 | S18: 0 | T18: 0 | U18: 0 | V18: 0 | W18: 0 | X18: 0 | Y18: 0 | AC18: 2024-06-15 | AD18: 2031-06-15 | AE18: 2024-06-15 | AF18: YE4236S2 | AG18: 1020UR | AI18: N | AJ18: 1 | AK18: =IF(AJ18>$AP$2,$AQ$2,IF(AJ18>$AP$3,$AQ$3,IF(AJ18>$AP$4,$AQ$4,$AQ$5))) -> =<90 | AL18: =VLOOKUP(C:C,[1]基础信息!B$1:D$65536,3,0) -> Jug | AM18: =VLOOKUP(C:C,[1]基础信息!B$1:E$65536,4,0) -> Mxplus | AN18: =VLOOKUP(C:C,[1]基础信息!B$1:F$65536,5,0) -> Blue
A19: WH01 | B19: BRITA | C19: 1046537 | D19: 矿泉壶,PS透明壶身配蓝色上盖1支装,Marella XL 1046537 | E19: 1046537 | F19: LT00050853 | G19: 1A00404 | H19: 0000375653 | J19: EA | K19: 96 | L19: 0 | M19: 0 | N19: 96 | P19: 0 | Q19: 0 | R19: 0 | S19: 0 | T19: 0 | U19: 0 | V19: 0 | W19: 0 | X19: 0 | Y19: 0 | AC19: 2024-06-01 | AD19: 2031-06-01 | AE19: 2024-06-01 | AF19: KI4227 | AG19: 1020UR | AI19: N | AJ19: 1 | AK19: =IF(AJ19>$AP$2,$AQ$2,IF(AJ19>$AP$3,$AQ$3,IF(AJ19>$AP$4,$AQ$4,$AQ$5))) -> =<90 | AL19: =VLOOKUP(C:C,[1]基础信息!B$1:D$65536,3,0) -> Jug | AM19: =VLOOKUP(C:C,[1]基础信息!B$1:E$65536,4,0) -> Marella XL | AN19: =VLOOKUP(C:C,[1]基础信息!B$1:F$65536,5,0) -> Blue
A20: WH01 | B20: BRITA | C20: 1053318 | D20: F&B Dispen Ladoga MXplus UVC Whi CU CN | E20: * | F20: LT00052271 | G20: 1A00405 | H20: 0000372102 | J20: EA | K20: 36 | L20: 0 | M20: 0 | N20: 36 | P20: 0 | Q20: 0 | R20: 0 | S20: 0 | T20: 0 | U20: 0 | V20: 0 | W20: 0 | X20: 0 | Y20: 0 | AC20: 2024-05-10 | AD20: 2031-05-10 | AE20: 2024-05-10 | AF20: WH4186 | AG20: 1011UR | AI20: N | AJ20: 1 | AK20: =IF(AJ20>$AP$2,$AQ$2,IF(AJ20>$AP$3,$AQ$3,IF(AJ20>$AP$4,$AQ$4,$AQ$5))) -> =<90 | AL20: =VLOOKUP(C:C,[1]基础信息!B$1:D$65536,3,0) -> Hotcup | AM20: =VLOOKUP(C:C,[1]基础信息!B$1:E$65536,4,0) -> Hotcup | AN20: =VLOOKUP(C:C,[1]基础信息!B$1:F$65536,5,0) -> Whi
A21: WH01 | B21: BRITA | C21: 1046537 | D21: 矿泉壶,PS透明壶身配蓝色上盖1支装,Marella XL 1046537 | E21: 1046537 | F21: LT00050853 | G21: 1A00502 | H21: 0000375654 | J21: EA | K21: 96 | L21: 0 | M21: 0 | N21: 96 | P21: 0 | Q21: 0 | R21: 0 | S21: 0 | T21: 0 | U21: 0 | V21: 0 | W21: 0 | X21: 0 | Y21: 0 | AC21: 2024-06-01 | AD21: 2031-06-01 | AE21: 2024-06-01 | AF21: KI4227 | AG21: 1020UR | AI21: N | AJ21: 1 | AK21: =IF(AJ21>$AP$2,$AQ$2,IF(AJ21>$AP$3,$AQ$3,IF(AJ21>$AP$4,$AQ$4,$AQ$5))) -> =<90 | AL21: =VLOOKUP(C:C,[1]基础信息!B$1:D$65536,3,0) -> Jug | AM21: =VLOOKUP(C:C,[1]基础信息!B$1:E$65536,4,0) -> Marella XL | AN21: =VLOOKUP(C:C,[1]基础信息!B$1:F$65536,5,0) -> Blue
A22: WH01 | B22: BRITA | C22: 1045641 | D22: "Style XL LED4W Mxplus blue NT CU CNO_x000D_ 滤水壶; Style 中国蓝 一壶一芯" | E22: * | F22: LT00051320 | G22: 1A00503 | H22: 0000377383 | J22: EA | K22: 96 | L22: 0 | M22: 0 | N22: 96 | P22: 0 | Q22: 0 | R22: 0 | S22: 0 | T22: 0 | U22: 0 | V22: 0 | W22: 0 | X22: 0 | Y22: 0 | AC22: 2024-06-15 | AD22: 2031-06-15 | AE22: 2024-06-15 | AF22: YE4236S2 | AG22: 1020UR | AI22: N | AJ22: 1 | AK22: =IF(AJ22>$AP$2,$AQ$2,IF(AJ22>$AP$3,$AQ$3,IF(AJ22>$AP$4,$AQ$4,$AQ$5))) -> =<90 | AL22: =VLOOKUP(C:C,[1]基础信息!B$1:D$65536,3,0) -> Jug | AM22: =VLOOKUP(C:C,[1]基础信息!B$1:E$65536,4,0) -> Mxplus | AN22: =VLOOKUP(C:C,[1]基础信息!B$1:F$65536,5,0) -> Blue
A23: WH01 | B23: BRITA | C23: 1036010 | D23: Refill Fika mypure pro CB-UF CN | E23: * | F23: LT00052264 | G23: 1A00504 | H23: 0000380812 | J23: EA | K23: 120 | L23: 0 | M23: 0 | N23: 120 | P23: 0 | Q23: 0 | R23: 0 | S23: 0 | T23: 0 | U23: 0 | V23: 0 | W23: 0 | X23: 0 | Y23: 0 | AC23: 2024-07-09 | AD23: 2031-07-09 | AE23: 2024-07-09 | AF23: 0006226547 | AG23: 1020UR | AI23: N | AJ23: 1 | AK23: =IF(AJ23>$AP$2,$AQ$2,IF(AJ23>$AP$3,$AQ$3,IF(AJ23>$AP$4,$AQ$4,$AQ$5))) -> =<90 | AL23: =VLOOKUP(C:C,[1]基础信息!B$1:D$65536,3,0) -> UTS | AM23: =VLOOKUP(C:C,[1]基础信息!B$1:E$65536,4,0) -> MyPure Pro | AN23: =VLOOKUP(C:C,[1]基础信息!B$1:F$65536,5,0) -> Refill
A24: WH01 | B24: BRITA | C24: 1045641 | D24: "Style XL LED4W Mxplus blue NT CU CNO_x000D_ 滤水壶; Style 中国蓝 一壶一芯" | E24: * | F24: LT00051320 | G24: 1A00505 | H24: 0000377384 | J24: EA | K24: 96 | L24: 0 | M24: 0 | N24: 96 | P24: 0 | Q24: 0 | R24: 0 | S24: 0 | T24: 0 | U24: 0 | V24: 0 | W24: 0 | X24: 0 | Y24: 0 | AC24: 2024-06-15 | AD24: 2031-06-15 | AE24: 2024-06-15 | AF24: YE4236S2 | AG24: 1020UR | AI24: N | AJ24: 1 | AK24: =IF(AJ24>$AP$2,$AQ$2,IF(AJ24>$AP$3,$AQ$3,IF(AJ24>$AP$4,$AQ$4,$AQ$5))) -> =<90 | AL24: =VLOOKUP(C:C,[1]基础信息!B$1:D$65536,3,0) -> Jug | AM24: =VLOOKUP(C:C,[1]基础信息!B$1:E$65536,4,0) -> Mxplus | AN24: =VLOOKUP(C:C,[1]基础信息!B$1:F$65536,5,0) -> Blue
A25: WH01 | B25: BRITA | C25: 1046537 | D25: 矿泉壶,PS透明壶身配蓝色上盖1支装,Marella XL 1046537 | E25: 1046537 | F25: LT00050853 | G25: 1A00602 | H25: 0000375655 | J25: EA | K25: 96 | L25: 0 | M25: 0 | N25: 96 | P25: 0 | Q25: 0 | R25: 0 | S25: 0 | T25: 0 | U25: 0 | V25: 0 | W25: 0 | X25: 0 | Y25: 0 | AC25: 2024-06-01 | AD25: 2031-06-01 | AE25: 2024-06-01 | AF25: KI4227 | AG25: 1020UR | AI25: N | AJ25: 1 | AK25: =IF(AJ25>$AP$2,$AQ$2,IF(AJ25>$AP$3,$AQ$3,IF(AJ25>$AP$4,$AQ$4,$AQ$5))) -> =<90 | AL25: =VLOOKUP(C:C,[1]基础信息!B$1:D$65536,3,0) -> Jug | AM25: =VLOOKUP(C:C,[1]基础信息!B$1:E$65536,4,0) -> Marella XL | AN25: =VLOOKUP(C:C,[1]基础信息!B$1:F$65536,5,0) -> Blue
A26: WH01 | B26: BRITA | C26: 1046537 | D26: 矿泉壶,PS透明壶身配蓝色上盖1支装,Marella XL 1046537 | E26: 1046537 | F26: LT00050855 | G26: 1A00603 | H26: 0000375656 | J26: EA | K26: 96 | L26: 0 | M26: 0 | N26: 96 | P26: 0 | Q26: 0 | R26: 0 | S26: 0 | T26: 0 | U26: 0 | V26: 0 | W26: 0 | X26: 0 | Y26: 0 | AC26: 2024-06-03 | AD26: 2031-06-03 | AE26: 2024-06-03 | AF26: KI4227 | AG26: 1020UR | AI26: N | AJ26: 1 | AK26: =IF(AJ26>$AP$2,$AQ$2,IF(AJ26>$AP$3,$AQ$3,IF(AJ26>$AP$4,$AQ$4,$AQ$5))) -> =<90 | AL26: =VLOOKUP(C:C,[1]基础信息!B$1:D$65536,3,0) -> Jug | AM26: =VLOOKUP(C:C,[1]基础信息!B$1:E$65536,4,0) -> Marella XL | AN26: =VLOOKUP(C:C,[1]基础信息!B$1:F$65536,5,0) -> Blue
A27: WH01 | B27: BRITA | C27: 1046537 | D27: 矿泉壶,PS透明壶身配蓝色上盖1支装,Marella XL 1046537 | E27: 1046537 | F27: LT00050855 | G27: 1A00604 | H27: 0000375657 | J27: EA | K27: 96 | L27: 0 | M27: 0 | N27: 96 | P27: 0 | Q27: 0 | R27: 0 | S27: 0 | T27: 0 | U27: 0 | V27: 0 | W27: 0 | X27: 0 | Y27: 0 | AC27: 2024-06-03 | AD27: 2031-06-03 | AE27: 2024-06-03 | AF27: KI4227 | AG27: 1020UR | AI27: N | AJ27: 1 | AK27: =IF(AJ27>$AP$2,$AQ$2,IF(AJ27>$AP$3,$AQ$3,IF(AJ27>$AP$4,$AQ$4,$AQ$5))) -> =<90 | AL27: =VLOOKUP(C:C,[1]基础信息!B$1:D$65536,3,0) -> Jug | AM27: =VLOOKUP(C:C,[1]基础信息!B$1:E$65536,4,0) -> Marella XL | AN27: =VLOOKUP(C:C,[1]基础信息!B$1:F$65536,5,0) -> Blue
A28: WH01 | B28: BRITA | C28: 1046537 | D28: 矿泉壶,PS透明壶身配蓝色上盖1支装,Marella XL 1046537 | E28: 1046537 | F28: LT00050855 | G28: 1A00605 | H28: 0000375658 | J28: EA | K28: 96 | L28: 0 | M28: 0 | N28: 96 | P28: 0 | Q28: 0 | R28: 0 | S28: 0 | T28: 0 | U28: 0 | V28: 0 | W28: 0 | X28: 0 | Y28: 0 | AC28: 2024-06-03 | AD28: 2031-06-03 | AE28: 2024-06-03 | AF28: KI4227 | AG28: 1020UR | AI28: N | AJ28: 1 | AK28: =IF(AJ28>$AP$2,$AQ$2,IF(AJ28>$AP$3,$AQ$3,IF(AJ28>$AP$4,$AQ$4,$AQ$5))) -> =<90 | AL28: =VLOOKUP(C:C,[1]基础信息!B$1:D$65536,3,0) -> Jug | AM28: =VLOOKUP(C:C,[1]基础信息!B$1:E$65536,4,0) -> Marella XL | AN28: =VLOOKUP(C:C,[1]基础信息!B$1:F$65536,5,0) -> Blue
... A78: WH01 | B78: BRITA | C78: 1046537 | D78: 矿泉壶,PS透明壶身配蓝色上盖1支装,Marella XL 1046537 | E78: 1046537 | F78: LT00050856 | G78: 1A01902 | H78: 0000375677 | J78: EA | K78: 96 | L78: 0 | M78: 0 | N78: 96 | P78: 0 | Q78: 0 | R78: 0 | S78: 0 | T78: 0 | U78: 0 | V78: 0 | W78: 0 | X78: 0 | Y78: 0 | AC78: 2024-06-03 | AD78: 2031-06-03 | AE78: 2024-06-03 | AF78: KI4221 | AG78: 1020UR | AI78: N | AJ78: 1 | AK78: =IF(AJ78>$AP$2,$AQ$2,IF(AJ78>$AP$3,$AQ$3,IF(AJ78>$AP$4,$AQ$4,$AQ$5))) -> =<90 | AL78: =VLOOKUP(C:C,[1]基础信息!B$1:D$65536,3,0) -> Jug | AM78: =VLOOKUP(C:C,[1]基础信息!B$1:E$65536,4,0) -> Marella XL | AN78: =VLOOKUP(C:C,[1]基础信息!B$1:F$65536,5,0) -> Blue
A79: WH01 | B79: BRITA | C79: 1043270 | D79: "Aluna XL ME4W blue BCM CU CNO | E79: * | F79: LT00047611 | G79: 1A01903 | H79: * | I79: * | J79: EA | K79: 13 | L79: 0 | M79: 0 | N79: 13 | P79: 0 | Q79: 0 | R79: 0 | S79: 0 | T79: 0 | U79: 0 | V79: 0 | W79: 0 | X79: 0 | Y79: 0 | AC79: 2024-03-11 | AD79: 2031-03-11 | AE79: 2024-03-11 | AF79: YE4087A3 | AG79: 1020UR | AI79: N | AJ79: 1 | AK79: =IF(AJ79>$AP$2,$AQ$2,IF(AJ79>$AP$3,$AQ$3,IF(AJ79>$AP$4,$AQ$4,$AQ$5))) -> =<90 | AL79: =VLOOKUP(C:C,[1]基础信息!B$1:D$65536,3,0) -> Jug | AM79: =VLOOKUP(C:C,[1]基础信息!B$1:E$65536,4,0) -> Aluna | AN79: =VLOOKUP(C:C,[1]基础信息!B$1:F$65536,5,0) -> Blue
A80: WH01 | B80: BRITA | C80: 1043270 | D80: "Aluna XL ME4W blue BCM CU CNO | E80: * | F80: LT00047611 | G80: 1A01904 | H80: * | I80: * | J80: EA | K80: 96 | L80: 0 | M80: 0 | N80: 96 | P80: 0 | Q80: 0 | R80: 0 | S80: 0 | T80: 0 | U80: 0 | V80: 0 | W80: 0 | X80: 0 | Y80: 0 | AC80: 2024-03-11 | AD80: 2031-03-11 | AE80: 2024-03-11 | AF80: YE4087A3 | AG80: 1020UR | AI80: N | AJ80: 1 | AK80: =IF(AJ80>$AP$2,$AQ$2,IF(AJ80>$AP$3,$AQ$3,IF(AJ80>$AP$4,$AQ$4,$AQ$5))) -> =<90 | AL80: =VLOOKUP(C:C,[1]基础信息!B$1:D$65536,3,0) -> Jug | AM80: =VLOOKUP(C:C,[1]基础信息!B$1:E$65536,4,0) -> Aluna | AN80: =VLOOKUP(C:C,[1]基础信息!B$1:F$65536,5,0) -> Blue
A81: WH01 | B81: BRITA | C81: 1043270 | D81: "Aluna XL ME4W blue BCM CU CNO | E81: * | F81: LT00047611 | G81: 1A01905 | H81: * | I81: * | J81: EA | K81: 96 | L81: 0 | M81: 0 | N81: 96 | P81: 0 | Q81: 0 | R81: 0 | S81: 0 | T81: 0 | U81: 0 | V81: 0 | W81: 0 | X81: 0 | Y81: 0 | AC81: 2024-03-11 | AD81: 2031-03-11 | AE81: 2024-03-11 | AF81: YE4087A3 | AG81: 1020UR | AI81: N | AJ81: 1 | AK81: =IF(AJ81>$AP$2,$AQ$2,IF(AJ81>$AP$3,$AQ$3,IF(AJ81>$AP$4,$AQ$4,$AQ$5))) -> =<90 | AL81: =VLOOKUP(C:C,[1]基础信息!B$1:D$65536,3,0) -> Jug | AM81: =VLOOKUP(C:C,[1]基础信息!B$1:E$65536,4,0) -> Aluna | AN81: =VLOOKUP(C:C,[1]基础信息!B$1:F$65536,5,0) -> Blue
A82: WH01 | B82: BRITA | C82: 1049188 | D82: 矿泉壶,PS透明壶身配蓝色上盖6支装,,Green Pack 1049188 | E82: * | F82: LT00050093 | G82: 1A02001 | H82: 0000372764 | J82: EA | K82: 70 | L82: 0 | M82: 0 | N82: 70 | P82: 0 | Q82: 0 | R82: 0 | S82: 0 | T82: 0 | U82: 0 | V82: 0 | W82: 0 | X82: 0 | Y82: 0 | AC82: 2024-05-14 | AD82: 2031-05-14 | AE82: 2024-05-14 | AF82: KI4182 | AG82: 1020UR | AI82: N | AJ82: 1 | AK82: =IF(AJ82>$AP$2,$AQ$2,IF(AJ82>$AP$3,$AQ$3,IF(AJ82>$AP$4,$AQ$4,$AQ$5))) -> =<90 | AL82: =VLOOKUP(C:C,[1]基础信息!B$1:D$65536,3,0) -> Jug | AM82: =VLOOKUP(C:C,[1]基础信息!B$1:E$65536,4,0) -> Marella XL | AN82: =VLOOKUP(C:C,[1]基础信息!B$1:F$65536,5,0) -> Blue
A83: WH01 | B83: BRITA | C83: 1046537 | D83: 矿泉壶,PS透明壶身配蓝色上盖1支装,Marella XL 1046537 | E83: 1046537 | F83: LT00050856 | G83: 1A02002 | H83: 0000375678 | J83: EA | K83: 96 | L83: 0 | M83: 0 | N83: 96 | P83: 0 | Q83: 0 | R83: 0 | S83: 0 | T83: 0 | U83: 0 | V83: 0 | W83: 0 | X83: 0 | Y83: 0 | AC83: 2024-06-03 | AD83: 2031-06-03 | AE83: 2024-06-03 | AF83: KI4221 | AG83: 1020UR | AI83: N | AJ83: 1 | AK83: =IF(AJ83>$AP$2,$AQ$2,IF(AJ83>$AP$3,$AQ$3,IF(AJ83>$AP$4,$AQ$4,$AQ$5))) -> =<90 | AL83: =VLOOKUP(C:C,[1]基础信息!B$1:D$65536,3,0) -> Jug | AM83: =VLOOKUP(C:C,[1]基础信息!B$1:E$65536,4,0) -> Marella XL | AN83: =VLOOKUP(C:C,[1]基础信息!B$1:F$65536,5,0) -> Blue
A84: WH01 | B84: BRITA | C84: 1046537 | D84: 矿泉壶,PS透明壶身配蓝色上盖1支装,Marella XL 1046537 | E84: 1046537 | F84: LT00050855 | G84: 1A02003 | H84: 0000375679 | J84: EA | K84: 96 | L84: 0 | M84: 0 | N84: 96 | P84: 0 | Q84: 0 | R84: 0 | S84: 0 | T84: 0 | U84: 0 | V84: 0 | W84: 0 | X84: 0 | Y84: 0 | AC84: 2024-06-03 | AD84: 2031-06-03 | AE84: 2024-06-03 | AF84: KI4227 | AG84: 1020UR | AI84: N | AJ84: 1 | AK84: =IF(AJ84>$AP$2,$AQ$2,IF(AJ84>$AP$3,$AQ$3,IF(AJ84>$AP$4,$AQ$4,$AQ$5))) -> =<90 | AL84: =VLOOKUP(C:C,[1]基础信息!B$1:D$65536,3,0) -> Jug | AM84: =VLOOKUP(C:C,[1]基础信息!B$1:E$65536,4,0) -> Marella XL | AN84: =VLOOKUP(C:C,[1]基础信息!B$1:F$65536,5,0) -> Blue
A85: WH01 | B85: BRITA | C85: 1045641 | D85: "Style XL LED4W Mxplus blue NT CU CNO_x000D_ 滤水壶; Style 中国蓝 一壶一芯" | E85: * | F85: LT00051320 | G85: 1A02004 | H85: 0000377396 | J85: EA | K85: 96 | L85: 0 | M85: 0 | N85: 96 | P85: 0 | Q85: 0 | R85: 0 | S85: 0 | T85: 0 | U85: 0 | V85: 0 | W85: 0 | X85: 0 | Y85: 0 | AC85: 2024-06-15 | AD85: 2031-06-15 | AE85: 2024-06-15 | AF85: YE4236S2 | AG85: 1020UR | AI85: N | AJ85: 1 | AK85: =IF(AJ85>$AP$2,$AQ$2,IF(AJ85>$AP$3,$AQ$3,IF(AJ85>$AP$4,$AQ$4,$AQ$5))) -> =<90 | AL85: =VLOOKUP(C:C,[1]基础信息!B$1:D$65536,3,0) -> Jug | AM85: =VLOOKUP(C:C,[1]基础信息!B$1:E$65536,4,0) -> Mxplus | AN85: =VLOOKUP(C:C,[1]基础信息!B$1:F$65536,5,0) -> Blue
A86: WH01 | B86: BRITA | C86: 1043270 | D86: "Aluna XL ME4W blue BCM CU CNO | E86: * | F86: LT00047611 | G86: 1A02005 | H86: * | I86: * | J86: EA | K86: 96 | L86: 0 | M86: 0 | N86: 96 | P86: 0 | Q86: 0 | R86: 0 | S86: 0 | T86: 0 | U86: 0 | V86: 0 | W86: 0 | X86: 0 | Y86: 0 | AC86: 2024-03-11 | AD86: 2031-03-11 | AE86: 2024-03-11 | AF86: YE4087A3 | AG86: 1020UR | AI86: N | AJ86: 1 | AK86: =IF(AJ86>$AP$2,$AQ$2,IF(AJ86>$AP$3,$AQ$3,IF(AJ86>$AP$4,$AQ$4,$AQ$5))) -> =<90 | AL86: =VLOOKUP(C:C,[1]基础信息!B$1:D$65536,3,0) -> Jug | AM86: =VLOOKUP(C:C,[1]基础信息!B$1:E$65536,4,0) -> Aluna | AN86: =VLOOKUP(C:C,[1]基础信息!B$1:F$65536,5,0) -> Blue
A87: WH01 | B87: BRITA | C87: 1043270 | D87: "Aluna XL ME4W blue BCM CU CNO | E87: * | F87: LT00047611 | G87: 1A02101 | H87: * | I87: * | J87: EA | K87: 96 | L87: 0 | M87: 0 | N87: 96 | P87: 0 | Q87: 0 | R87: 0 | S87: 0 | T87: 0 | U87: 0 | V87: 0 | W87: 0 | X87: 0 | Y87: 0 | AC87: 2024-03-11 | AD87: 2031-03-11 | AE87: 2024-03-11 | AF87: YE4087A3 | AG87: 1020UR | AI87: N | AJ87: 1 | AK87: =IF(AJ87>$AP$2,$AQ$2,IF(AJ87>$AP$3,$AQ$3,IF(AJ87>$AP$4,$AQ$4,$AQ$5))) -> =<90 | AL87: =VLOOKUP(C:C,[1]基础信息!B$1:D$65536,3,0) -> Jug | AM87: =VLOOKUP(C:C,[1]基础信息!B$1:E$65536,4,0) -> Aluna | AN87: =VLOOKUP(C:C,[1]基础信息!B$1:F$65536,5,0) -> Blue
A88: WH01 | B88: BRITA | C88: 1046537 | D88: 矿泉壶,PS透明壶身配蓝色上盖1支装,Marella XL 1046537 | E88: 1046537 | F88: LT00050855 | G88: 1A02102 | H88: 0000375680 | J88: EA | K88: 96 | L88: 0 | M88: 0 | N88: 96 | P88: 0 | Q88: 0 | R88: 0 | S88: 0 | T88: 0 | U88: 0 | V88: 0 | W88: 0 | X88: 0 | Y88: 0 | AC88: 2024-06-03 | AD88: 2031-06-03 | AE88: 2024-06-03 | AF88: KI4227 | AG88: 1020UR | AI88: N | AJ88: 1 | AK88: =IF(AJ88>$AP$2,$AQ$2,IF(AJ88>$AP$3,$AQ$3,IF(AJ88>$AP$4,$AQ$4,$AQ$5))) -> =<90 | AL88: =VLOOKUP(C:C,[1]基础信息!B$1:D$65536,3,0) -> Jug | AM88: =VLOOKUP(C:C,[1]基础信息!B$1:E$65536,4,0) -> Marella XL | AN88: =VLOOKUP(C:C,[1]基础信息!B$1:F$65536,5,0) -> Blue
A89: WH01 | B89: BRITA | C89: 1045641 | D89: "Style XL LED4W Mxplus blue NT CU CNO_x000D_ 滤水壶; Style 中国蓝 一壶一芯" | E89: * | F89: LT00051320 | G89: 1A02103 | H89: 0000377397 | J89: EA | K89: 96 | L89: 0 | M89: 0 | N89: 96 | P89: 0 | Q89: 0 | R89: 0 | S89: 0 | T89: 0 | U89: 0 | V89: 0 | W89: 0 | X89: 0 | Y89: 0 | AC89: 2024-06-15 | AD89: 2031-06-15 | AE89: 2024-06-15 | AF89: YE4236S2 | AG89: 1020UR | AI89: N | AJ89: 1 | AK89: =IF(AJ89>$AP$2,$AQ$2,IF(AJ89>$AP$3,$AQ$3,IF(AJ89>$AP$4,$AQ$4,$AQ$5))) -> =<90 | AL89: =VLOOKUP(C:C,[1]基础信息!B$1:D$65536,3,0) -> Jug | AM89: =VLOOKUP(C:C,[1]基础信息!B$1:E$65536,4,0) -> Mxplus | AN89: =VLOOKUP(C:C,[1]基础信息!B$1:F$65536,5,0) -> Blue
A90: WH01 | B90: BRITA | C90: 1045641 | D90: "Style XL LED4W Mxplus blue NT CU CNO_x000D_ 滤水壶; Style 中国蓝 一壶一芯" | E90: * | F90: LT00051320 | G90: 1A02104 | H90: 0000377398 | J90: EA | K90: 96 | L90: 0 | M90: 0 | N90: 96 | P90: 0 | Q90: 0 | R90: 0 | S90: 0 | T90: 0 | U90: 0 | V90: 0 | W90: 0 | X90: 0 | Y90: 0 | AC90: 2024-06-15 | AD90: 2031-06-15 | AE90: 2024-06-15 | AF90: YE4236S2 | AG90: 1020UR | AI90: N | AJ90: 1 | AK90: =IF(AJ90>$AP$2,$AQ$2,IF(AJ90>$AP$3,$AQ$3,IF(AJ90>$AP$4,$AQ$4,$AQ$5))) -> =<90 | AL90: =VLOOKUP(C:C,[1]基础信息!B$1:D$65536,3,0) -> Jug | AM90: =VLOOKUP(C:C,[1]基础信息!B$1:E$65536,4,0) -> Mxplus | AN90: =VLOOKUP(C:C,[1]基础信息!B$1:F$65536,5,0) -> Blue
A91: WH01 | B91: BRITA | C91: 1045641 | D91: "Style XL LED4W Mxplus blue NT CU CNO_x000D_ 滤水壶; Style 中国蓝 一壶一芯" | E91: * | F91: LT00051320 | G91: 1A02105 | H91: 0000377399 | J91: EA | K91: 96 | L91: 0 | M91: 0 | N91: 96 | P91: 0 | Q91: 0 | R91: 0 | S91: 0 | T91: 0 | U91: 0 | V91: 0 | W91: 0 | X91: 0 | Y91: 0 | AC91: 2024-06-15 | AD91: 2031-06-15 | AE91: 2024-06-15 | AF91: YE4236S2 | AG91: 1020UR | AI91: N | AJ91: 1 | AK91: =IF(AJ91>$AP$2,$AQ$2,IF(AJ91>$AP$3,$AQ$3,IF(AJ91>$AP$4,$AQ$4,$AQ$5))) -> =<90 | AL91: =VLOOKUP(C:C,[1]基础信息!B$1:D$65536,3,0) -> Jug | AM91: =VLOOKUP(C:C,[1]基础信息!B$1:E$65536,4,0) -> Mxplus | AN91: =VLOOKUP(C:C,[1]基础信息!B$1:F$65536,5,0) -> Blue
A92: WH01 | B92: BRITA | C92: 1045641 | D92: "Style XL LED4W Mxplus blue NT CU CNO_x000D_ 滤水壶; Style 中国蓝 一壶一芯" | E92: * | F92: LT00051320 | G92: 1A02201 | H92: 0000377400 | J92: EA | K92: 28 | L92: 0 | M92: 0 | N92: 28 | P92: 0 | Q92: 0 | R92: 0 | S92: 0 | T92: 0 | U92: 0 | V92: 0 | W92: 0 | X92: 0 | Y92: 0 | AC92: 2024-06-15 | AD92: 2031-06-15 | AE92: 2024-06-15 | AF92: YE4236S2 | AG92: 1020UR | AI92: N | AJ92: 1 | AK92: =IF(AJ92>$AP$2,$AQ$2,IF(AJ92>$AP$3,$AQ$3,IF(AJ92>$AP$4,$AQ$4,$AQ$5))) -> =<90 | AL92: =VLOOKUP(C:C,[1]基础信息!B$1:D$65536,3,0) -> Jug | AM92: =VLOOKUP(C:C,[1]基础信息!B$1:E$65536,4,0) -> Mxplus | AN92: =VLOOKUP(C:C,[1]基础信息!B$1:F$65536,5,0) -> Blue
A93: WH01 | B93: BRITA | C93: 1035120 | D93: Style XL Lime incl 3MX+ sleeve CU CN | E93: 1035120 | F93: LT00035998 | G93: 1A02202 | H93: 0000062186 | J93: EA | K93: 20 | L93: 0 | M93: 0 | N93: 20 | P93: 0 | Q93: 0 | R93: 0 | S93: 0 | T93: 0 | U93: 0 | V93: 0 | W93: 0 | X93: 0 | Y93: 0 | AC93: 2020-01-12 | AD93: 2026-01-12 | AE93: 2020-01-12 | AF93: 4500294665 | AG93: 1024UR | AI93: N | AJ93: 1 | AK93: =IF(AJ93>$AP$2,$AQ$2,IF(AJ93>$AP$3,$AQ$3,IF(AJ93>$AP$4,$AQ$4,$AQ$5))) -> =<90 | AL93: =VLOOKUP(C:C,[1]基础信息!B$1:D$65536,3,0) -> Jug | AM93: =VLOOKUP(C:C,[1]基础信息!B$1:E$65536,4,0) -> Style | AN93: =VLOOKUP(C:C,[1]基础信息!B$1:F$65536,5,0) -> Lime
A94: WH01 | B94: BRITA | C94: 1046537 | D94: 矿泉壶,PS透明壶身配蓝色上盖1支装,Marella XL 1046537 | E94: 1046537 | F94: LT00050855 | G94: 1A02203 | H94: 0000375681 | J94: EA | K94: 96 | L94: 0 | M94: 0 | N94: 96 | P94: 0 | Q94: 0 | R94: 0 | S94: 0 | T94: 0 | U94: 0 | V94: 0 | W94: 0 | X94: 0 | Y94: 0 | AC94: 2024-06-03 | AD94: 2031-06-03 | AE94: 2024-06-03 | AF94: KI4227 | AG94: 1020UR | AI94: N | AJ94: 1 | AK94: =IF(AJ94>$AP$2,$AQ$2,IF(AJ94>$AP$3,$AQ$3,IF(AJ94>$AP$4,$AQ$4,$AQ$5))) -> =<90 | AL94: =VLOOKUP(C:C,[1]基础信息!B$1:D$65536,3,0) -> Jug | AM94: =VLOOKUP(C:C,[1]基础信息!B$1:E$65536,4,0) -> Marella XL | AN94: =VLOOKUP(C:C,[1]基础信息!B$1:F$65536,5,0) -> Blue
A95: WH01 | B95: BRITA | C95: 1044823 | D95: 矿泉壶,PS透明壶身配亮蓝色上盖6支装,Green Pack版本 | E95: * | F95: LT00042760 | G95: 1A02204 | H95: 0000256796 | J95: EA | K95: 70 | L95: 0 | M95: 0 | N95: 70 | P95: 0 | Q95: 0 | R95: 0 | S95: 0 | T95: 0 | U95: 0 | V95: 0 | W95: 0 | X95: 0 | Y95: 0 | AC95: 2022-02-19 | AD95: 2029-02-19 | AE95: 2022-02-19 | AF95: KI2034 | AG95: 1024UR | AI95: N | AJ95: 1 | AK95: =IF(AJ95>$AP$2,$AQ$2,IF(AJ95>$AP$3,$AQ$3,IF(AJ95>$AP$4,$AQ$4,$AQ$5))) -> =<90 | AL95: =VLOOKUP(C:C,[1]基础信息!B$1:D$65536,3,0) -> Jug | AM95: =VLOOKUP(C:C,[1]基础信息!B$1:E$65536,4,0) -> Marella | AN95: =VLOOKUP(C:C,[1]基础信息!B$1:F$65536,5,0) -> Blue Glitter
A96: WH01 | B96: BRITA | C96: 1045641 | D96: "Style XL LED4W Mxplus blue NT CU CNO_x000D_ 滤水壶; Style 中国蓝 一壶一芯" | E96: * | F96: LT00051321 | G96: 1A02205 | H96: 0000377401 | J96: EA | K96: 96 | L96: 0 | M96: 0 | N96: 96 | P96: 0 | Q96: 0 | R96: 0 | S96: 0 | T96: 0 | U96: 0 | V96: 0 | W96: 0 | X96: 0 | Y96: 0 | AC96: 2024-06-15 | AD96: 2031-06-15 | AE96: 2024-06-15 | AF96: YE4235S2 | AG96: 1020UR | AI96: N | AJ96: 1 | AK96: =IF(AJ96>$AP$2,$AQ$2,IF(AJ96>$AP$3,$AQ$3,IF(AJ96>$AP$4,$AQ$4,$AQ$5))) -> =<90 | AL96: =VLOOKUP(C:C,[1]基础信息!B$1:D$65536,3,0) -> Jug | AM96: =VLOOKUP(C:C,[1]基础信息!B$1:E$65536,4,0) -> Mxplus | AN96: =VLOOKUP(C:C,[1]基础信息!B$1:F$65536,5,0) -> Blue
A97: WH01 | B97: BRITA | C97: 1046726 | D97: 矿泉壶,PS透明壶身配亮黑色上盖1支装,Marella XL 1046726 | E97: * | F97: LT00048387 | G97: 1A02301 | H97: 0000364328 | J97: EA | K97: 96 | L97: 0 | M97: 0 | N97: 96 | P97: 0 | Q97: 0 | R97: 0 | S97: 0 | T97: 0 | U97: 0 | V97: 0 | W97: 0 | X97: 0 | Y97: 0 | AC97: 2024-04-02 | AD97: 2033-04-02 | AE97: 2024-04-02 | AF97: KI4121 | AG97: 1020UR | AI97: N | AJ97: 1 | AK97: =IF(AJ97>$AP$2,$AQ$2,IF(AJ97>$AP$3,$AQ$3,IF(AJ97>$AP$4,$AQ$4,$AQ$5))) -> =<90 | AL97: =VLOOKUP(C:C,[1]基础信息!B$1:D$65536,3,0) -> Jug | AM97: =VLOOKUP(C:C,[1]基础信息!B$1:E$65536,4,0) -> Marella XL | AN97: =VLOOKUP(C:C,[1]基础信息!B$1:F$65536,5,0) -> Black
A98: WH01 | B98: BRITA | C98: 1046537 | D98: 矿泉壶,PS透明壶身配蓝色上盖1支装,Marella XL 1046537 | E98: 1046537 | F98: LT00050855 | G98: 1A02302 | H98: 0000375682 | J98: EA | K98: 96 | L98: 0 | M98: 0 | N98: 96 | P98: 0 | Q98: 0 | R98: 0 | S98: 0 | T98: 0 | U98: 0 | V98: 0 | W98: 0 | X98: 0 | Y98: 0 | AC98: 2024-06-03 | AD98: 2031-06-03 | AE98: 2024-06-03 | AF98: KI4227 | AG98: 1020UR | AI98: N | AJ98: 1 | AK98: =IF(AJ98>$AP$2,$AQ$2,IF(AJ98>$AP$3,$AQ$3,IF(AJ98>$AP$4,$AQ$4,$AQ$5))) -> =<90 | AL98: =VLOOKUP(C:C,[1]基础信息!B$1:D$65536,3,0) -> Jug | AM98: =VLOOKUP(C:C,[1]基础信息!B$1:E$65536,4,0) -> Marella XL | AN98: =VLOOKUP(C:C,[1]基础信息!B$1:F$65536,5,0) -> Blue
A99: WH01 | B99: BRITA | C99: 1053517 | D99: "Kalea XL ME4W grey MXpl SIOC CNO 滤水壶：Kalea XL 一壶一芯灰色" | E99: 1053517 | F99: LT00050621 | G99: 1A02303 | H99: 0000374583 | J99: EA | K99: 80 | L99: 0 | M99: 0 | N99: 80 | P99: 0 | Q99: 0 | R99: 0 | S99: 0 | T99: 0 | U99: 0 | V99: 0 | W99: 0 | X99: 0 | Y99: 0 | AC99: 2024-05-27 | AD99: 2031-05-27 | AE99: 2024-05-28 | AF99: YE4185K1 | AG99: 1020UR | AI99: N | AJ99: 1 | AK99: =IF(AJ99>$AP$2,$AQ$2,IF(AJ99>$AP$3,$AQ$3,IF(AJ99>$AP$4,$AQ$4,$AQ$5))) -> =<90 | AL99: =VLOOKUP(C:C,[1]基础信息!B$1:D$65536,3,0) -> Jug | AM99: =VLOOKUP(C:C,[1]基础信息!B$1:E$65536,4,0) -> MXpl | AN99: =VLOOKUP(C:C,[1]基础信息!B$1:F$65536,5,0) -> grey
... A110: WH01 | B110: BRITA | C110: 1053517 | D110: "Kalea XL ME4W grey MXpl SIOC CNO 滤水壶：Kalea XL 一壶一芯灰色" | E110: 1053517 | F110: LT00050621 | G110: 1A02504 | H110: 0000374585 | J110: EA | K110: 80 | L110: 0 | M110: 0 | N110: 80 | P110: 0 | Q110: 0 | R110: 0 | S110: 0 | T110: 0 | U110: 0 | V110: 0 | W110: 0 | X110: 0 | Y110: 0 | AC110: 2024-05-27 | AD110: 2031-05-27 | AE110: 2024-05-28 | AF110: YE4185K1 | AG110: 1020UR | AI110: N | AJ110: 1 | AK110: =IF(AJ110>$AP$2,$AQ$2,IF(AJ110>$AP$3,$AQ$3,IF(AJ110>$AP$4,$AQ$4,$AQ$5))) -> =<90 | AL110: =VLOOKUP(C:C,[1]基础信息!B$1:D$65536,3,0) -> Jug | AM110: =VLOOKUP(C:C,[1]基础信息!B$1:E$65536,4,0) -> MXpl | AN110: =VLOOKUP(C:C,[1]基础信息!B$1:F$65536,5,0) -> grey
A111: WH01 | B111: BRITA | C111: 1043270 | D111: "Aluna XL ME4W blue BCM CU CNO | E111: * | F111: LT00047611 | G111: 1A02505 | H111: * | I111: * | J111: EA | K111: 96 | L111: 0 | M111: 0 | N111: 96 | P111: 0 | Q111: 0 | R111: 0 | S111: 0 | T111: 0 | U111: 0 | V111: 0 | W111: 0 | X111: 0 | Y111: 0 | AC111: 2024-03-11 | AD111: 2031-03-11 | AE111: 2024-03-11 | AF111: YE4087A3 | AG111: 1020UR | AI111: N | AJ111: 1 | AK111: =IF(AJ111>$AP$2,$AQ$2,IF(AJ111>$AP$3,$AQ$3,IF(AJ111>$AP$4,$AQ$4,$AQ$5))) -> =<90 | AL111: =VLOOKUP(C:C,[1]基础信息!B$1:D$65536,3,0) -> Jug | AM111: =VLOOKUP(C:C,[1]基础信息!B$1:E$65536,4,0) -> Aluna | AN111: =VLOOKUP(C:C,[1]基础信息!B$1:F$65536,5,0) -> Blue
A112: WH01 | B112: BRITA | C112: 1046537 | D112: 矿泉壶,PS透明壶身配蓝色上盖1支装,Marella XL 1046537 | E112: 1046537 | F112: LT00050855 | G112: 1A02601 | H112: 0000375685 | J112: EA | K112: 96 | L112: 0 | M112: 0 | N112: 96 | P112: 0 | Q112: 0 | R112: 0 | S112: 0 | T112: 0 | U112: 0 | V112: 0 | W112: 0 | X112: 0 | Y112: 0 | AC112: 2024-06-03 | AD112: 2031-06-03 | AE112: 2024-06-03 | AF112: KI4227 | AG112: 1020UR | AI112: N | AJ112: 1 | AK112: =IF(AJ112>$AP$2,$AQ$2,IF(AJ112>$AP$3,$AQ$3,IF(AJ112>$AP$4,$AQ$4,$AQ$5))) -> =<90 | AL112: =VLOOKUP(C:C,[1]基础信息!B$1:D$65536,3,0) -> Jug | AM112: =VLOOKUP(C:C,[1]基础信息!B$1:E$65536,4,0) -> Marella XL | AN112: =VLOOKUP(C:C,[1]基础信息!B$1:F$65536,5,0) -> Blue
A113: WH01 | B113: BRITA | C113: 1043270 | D113: "Aluna XL ME4W blue BCM CU CNO | E113: * | F113: LT00047611 | G113: 1A02602 | H113: * | I113: * | J113: EA | K113: 96 | L113: 0 | M113: 0 | N113: 96 | P113: 0 | Q113: 0 | R113: 0 | S113: 0 | T113: 0 | U113: 0 | V113: 0 | W113: 0 | X113: 0 | Y113: 0 | AC113: 2024-03-11 | AD113: 2031-03-11 | AE113: 2024-03-11 | AF113: YE4087A3 | AG113: 1020UR | AI113: N | AJ113: 1 | AK113: =IF(AJ113>$AP$2,$AQ$2,IF(AJ113>$AP$3,$AQ$3,IF(AJ113>$AP$4,$AQ$4,$AQ$5))) -> =<90 | AL113: =VLOOKUP(C:C,[1]基础信息!B$1:D$65536,3,0) -> Jug | AM113: =VLOOKUP(C:C,[1]基础信息!B$1:E$65536,4,0) -> Aluna | AN113: =VLOOKUP(C:C,[1]基础信息!B$1:F$65536,5,0) -> Blue
A114: WH01 | B114: BRITA | C114: 1045641 | D114: "Style XL LED4W Mxplus blue NT CU CNO_x000D_ 滤水壶; Style 中国蓝 一壶一芯" | E114: * | F114: LT00051321 | G114: 1A02603 | H114: 0000377402 | J114: EA | K114: 96 | L114: 0 | M114: 0 | N114: 96 | P114: 0 | Q114: 0 | R114: 0 | S114: 0 | T114: 0 | U114: 0 | V114: 0 | W114: 0 | X114: 0 | Y114: 0 | AC114: 2024-06-15 | AD114: 2031-06-15 | AE114: 2024-06-15 | AF114: YE4235S2 | AG114: 1020UR | AI114: N | AJ114: 1 | AK114: =IF(AJ114>$AP$2,$AQ$2,IF(AJ114>$AP$3,$AQ$3,IF(AJ114>$AP$4,$AQ$4,$AQ$5))) -> =<90 | AL114: =VLOOKUP(C:C,[1]基础信息!B$1:D$65536,3,0) -> Jug | AM114: =VLOOKUP(C:C,[1]基础信息!B$1:E$65536,4,0) -> Mxplus | AN114: =VLOOKUP(C:C,[1]基础信息!B$1:F$65536,5,0) -> Blue
A115: WH01 | B115: BRITA | C115: 1053318 | D115: F&B Dispen Ladoga MXplus UVC Whi CU CN | E115: * | F115: LT00051629 | G115: 1A02604 | H115: 0000378673 | J115: EA | K115: 36 | L115: 0 | M115: 0 | N115: 36 | P115: 0 | Q115: 0 | R115: 0 | S115: 0 | T115: 0 | U115: 0 | V115: 0 | W115: 0 | X115: 0 | Y115: 0 | AC115: 2024-06-22 | AD115: 2031-06-22 | AE115: 2024-06-24 | AF115: WH4245 | AG115: 1020UR | AI115: N | AJ115: 1 | AK115: =IF(AJ115>$AP$2,$AQ$2,IF(AJ115>$AP$3,$AQ$3,IF(AJ115>$AP$4,$AQ$4,$AQ$5))) -> =<90 | AL115: =VLOOKUP(C:C,[1]基础信息!B$1:D$65536,3,0) -> Hotcup | AM115: =VLOOKUP(C:C,[1]基础信息!B$1:E$65536,4,0) -> Hotcup | AN115: =VLOOKUP(C:C,[1]基础信息!B$1:F$65536,5,0) -> Whi
A116: WH01 | B116: BRITA | C116: 1053517 | D116: "Kalea XL ME4W grey MXpl SIOC CNO 滤水壶：Kalea XL 一壶一芯灰色" | E116: 1053517 | F116: LT00050621 | G116: 1A02605 | H116: 0000374586 | J116: EA | K116: 80 | L116: 0 | M116: 0 | N116: 80 | P116: 0 | Q116: 0 | R116: 0 | S116: 0 | T116: 0 | U116: 0 | V116: 0 | W116: 0 | X116: 0 | Y116: 0 | AC116: 2024-05-27 | AD116: 2031-05-27 | AE116: 2024-05-28 | AF116: YE4185K1 | AG116: 1020UR | AI116: N | AJ116: 1 | AK116: =IF(AJ116>$AP$2,$AQ$2,IF(AJ116>$AP$3,$AQ$3,IF(AJ116>$AP$4,$AQ$4,$AQ$5))) -> =<90 | AL116: =VLOOKUP(C:C,[1]基础信息!B$1:D$65536,3,0) -> Jug | AM116: =VLOOKUP(C:C,[1]基础信息!B$1:E$65536,4,0) -> MXpl | AN116: =VLOOKUP(C:C,[1]基础信息!B$1:F$65536,5,0) -> grey
A117: WH01 | B117: BRITA | C117: 1046537 | D117: 矿泉壶,PS透明壶身配蓝色上盖1支装,Marella XL 1046537 | E117: 1046537 | F117: LT00050855 | G117: 1A02701 | H117: 0000375686 | J117: EA | K117: 96 | L117: 0 | M117: 0 | N117: 96 | P117: 0 | Q117: 0 | R117: 0 | S117: 0 | T117: 0 | U117: 0 | V117: 0 | W117: 0 | X117: 0 | Y117: 0 | AC117: 2024-06-03 | AD117: 2031-06-03 | AE117: 2024-06-03 | AF117: KI4227 | AG117: 1020UR | AI117: N | AJ117: 1 | AK117: =IF(AJ117>$AP$2,$AQ$2,IF(AJ117>$AP$3,$AQ$3,IF(AJ117>$AP$4,$AQ$4,$AQ$5))) -> =<90 | AL117: =VLOOKUP(C:C,[1]基础信息!B$1:D$65536,3,0) -> Jug | AM117: =VLOOKUP(C:C,[1]基础信息!B$1:E$65536,4,0) -> Marella XL | AN117: =VLOOKUP(C:C,[1]基础信息!B$1:F$65536,5,0) -> Blue
A118: WH01 | B118: BRITA | C118: 1035988 | D118: Refill pack mypure pro X6 CU CN | E118: 1035988 | F118: LT00052265 | G118: 1A02702 | H118: 0000380815 | J118: EA | K118: 15 | L118: 0 | M118: 0 | N118: 15 | P118: 0 | Q118: 0 | R118: 0 | S118: 0 | T118: 0 | U118: 0 | V118: 0 | W118: 0 | X118: 0 | Y118: 0 | AC118: 2024-07-09 | AD118: 2031-07-09 | AE118: 2024-07-09 | AF118: 0006236795 | AG118: 1020UR | AI118: N | AJ118: 1 | AK118: =IF(AJ118>$AP$2,$AQ$2,IF(AJ118>$AP$3,$AQ$3,IF(AJ118>$AP$4,$AQ$4,$AQ$5))) -> =<90 | AL118: =VLOOKUP(C:C,[1]基础信息!B$1:D$65536,3,0) -> UTS | AM118: =VLOOKUP(C:C,[1]基础信息!B$1:E$65536,4,0) -> MyPure Pro | AN118: =VLOOKUP(C:C,[1]基础信息!B$1:F$65536,5,0) -> Refill
A119: WH01 | B119: BRITA | C119: 1054682 | D119: BRITA F款，1000G单出水，方款空壳机 | E119: * | F119: LT00052071 | G119: 1A02703 | H119: 0000379832 | J119: EA | K119: 6 | L119: 0 | M119: 0 | N119: 6 | P119: 0 | Q119: 0 | R119: 0 | S119: 0 | T119: 0 | U119: 0 | V119: 0 | W119: 0 | X119: 0 | Y119: 0 | AC119: 2024-07-01 | AD119: 2031-07-01 | AE119: 2024-07-02 | AG119: 1020UR | AI119: N | AJ119: 1 | AK119: =IF(AJ119>$AP$2,$AQ$2,IF(AJ119>$AP$3,$AQ$3,IF(AJ119>$AP$4,$AQ$4,$AQ$5))) -> =<90 | AL119: =VLOOKUP(C:C,[1]基础信息!B$1:D$65536,3,0) -> #N/A | AM119: =VLOOKUP(C:C,[1]基础信息!B$1:E$65536,4,0) -> #N/A | AN119: =VLOOKUP(C:C,[1]基础信息!B$1:F$65536,5,0) -> #N/A
A120: WH01 | B120: BRITA | C120: 1046728 | D120: 矿泉壶,PS透明壶身配亮银色上盖1支装,Marella XL 1046728 | E120: * | F120: LT00052072 | G120: 1A02704 | H120: 0000379833 | J120: EA | K120: 96 | L120: 0 | M120: 0 | N120: 96 | P120: 0 | Q120: 0 | R120: 0 | S120: 0 | T120: 0 | U120: 0 | V120: 0 | W120: 0 | X120: 0 | Y120: 0 | AC120: 2024-07-01 | AD120: 2031-07-01 | AE120: 2024-07-02 | AF120: KI4225 | AG120: 1020UR | AI120: N | AJ120: 1 | AK120: =IF(AJ120>$AP$2,$AQ$2,IF(AJ120>$AP$3,$AQ$3,IF(AJ120>$AP$4,$AQ$4,$AQ$5))) -> =<90 | AL120: =VLOOKUP(C:C,[1]基础信息!B$1:D$65536,3,0) -> Jug | AM120: =VLOOKUP(C:C,[1]基础信息!B$1:E$65536,4,0) -> Marella XL | AN120: =VLOOKUP(C:C,[1]基础信息!B$1:F$65536,5,0) -> Silver
A121: WH01 | B121: BRITA | C121: 1046537 | D121: 矿泉壶,PS透明壶身配蓝色上盖1支装,Marella XL 1046537 | E121: 1046537 | F121: LT00050855 | G121: 1A02705 | H121: 0000375687 | J121: EA | K121: 96 | L121: 0 | M121: 0 | N121: 96 | P121: 0 | Q121: 0 | R121: 0 | S121: 0 | T121: 0 | U121: 0 | V121: 0 | W121: 0 | X121: 0 | Y121: 0 | AC121: 2024-06-03 | AD121: 2031-06-03 | AE121: 2024-06-03 | AF121: KI4227 | AG121: 1020UR | AI121: N | AJ121: 1 | AK121: =IF(AJ121>$AP$2,$AQ$2,IF(AJ121>$AP$3,$AQ$3,IF(AJ121>$AP$4,$AQ$4,$AQ$5))) -> =<90 | AL121: =VLOOKUP(C:C,[1]基础信息!B$1:D$65536,3,0) -> Jug | AM121: =VLOOKUP(C:C,[1]基础信息!B$1:E$65536,4,0) -> Marella XL | AN121: =VLOOKUP(C:C,[1]基础信息!B$1:F$65536,5,0) -> Blue
A122: WH01 | B122: BRITA | C122: 1046537 | D122: 矿泉壶,PS透明壶身配蓝色上盖1支装,Marella XL 1046537 | E122: 1046537 | F122: LT00050855 | G122: 1A02803 | H122: 0000375688 | J122: EA | K122: 96 | L122: 0 | M122: 0 | N122: 96 | P122: 0 | Q122: 0 | R122: 0 | S122: 0 | T122: 0 | U122: 0 | V122: 0 | W122: 0 | X122: 0 | Y122: 0 | AC122: 2024-06-03 | AD122: 2031-06-03 | AE122: 2024-06-03 | AF122: KI4227 | AG122: 1020UR | AI122: N | AJ122: 1 | AK122: =IF(AJ122>$AP$2,$AQ$2,IF(AJ122>$AP$3,$AQ$3,IF(AJ122>$AP$4,$AQ$4,$AQ$5))) -> =<90 | AL122: =VLOOKUP(C:C,[1]基础信息!B$1:D$65536,3,0) -> Jug | AM122: =VLOOKUP(C:C,[1]基础信息!B$1:E$65536,4,0) -> Marella XL | AN122: =VLOOKUP(C:C,[1]基础信息!B$1:F$65536,5,0) -> Blue
A123: WH01 | B123: BRITA | C123: 1046537 | D123: 矿泉壶,PS透明壶身配蓝色上盖1支装,Marella XL 1046537 | E123: 1046537 | F123: LT00050855 | G123: 1A02804 | H123: 0000375689 | J123: EA | K123: 96 | L123: 0 | M123: 0 | N123: 96 | P123: 0 | Q123: 0 | R123: 0 | S123: 0 | T123: 0 | U123: 0 | V123: 0 | W123: 0 | X123: 0 | Y123: 0 | AC123: 2024-06-03 | AD123: 2031-06-03 | AE123: 2024-06-03 | AF123: KI4227 | AG123: 1020UR | AI123: N | AJ123: 1 | AK123: =IF(AJ123>$AP$2,$AQ$2,IF(AJ123>$AP$3,$AQ$3,IF(AJ123>$AP$4,$AQ$4,$AQ$5))) -> =<90 | AL123: =VLOOKUP(C:C,[1]基础信息!B$1:D$65536,3,0) -> Jug | AM123: =VLOOKUP(C:C,[1]基础信息!B$1:E$65536,4,0) -> Marella XL | AN123: =VLOOKUP(C:C,[1]基础信息!B$1:F$65536,5,0) -> Blue
A124: WH01 | B124: BRITA | C124: 1046537 | D124: 矿泉壶,PS透明壶身配蓝色上盖1支装,Marella XL 1046537 | E124: 1046537 | F124: LT00050855 | G124: 1A02805 | H124: 0000375690 | J124: EA | K124: 96 | L124: 0 | M124: 0 | N124: 96 | P124: 0 | Q124: 0 | R124: 0 | S124: 0 | T124: 0 | U124: 0 | V124: 0 | W124: 0 | X124: 0 | Y124: 0 | AC124: 2024-06-03 | AD124: 2031-06-03 | AE124: 2024-06-03 | AF124: KI4227 | AG124: 1020UR | AI124: N | AJ124: 1 | AK124: =IF(AJ124>$AP$2,$AQ$2,IF(AJ124>$AP$3,$AQ$3,IF(AJ124>$AP$4,$AQ$4,$AQ$5))) -> =<90 | AL124: =VLOOKUP(C:C,[1]基础信息!B$1:D$65536,3,0) -> Jug | AM124: =VLOOKUP(C:C,[1]基础信息!B$1:E$65536,4,0) -> Marella XL | AN124: =VLOOKUP(C:C,[1]基础信息!B$1:F$65536,5,0) -> Blue
A125: WH01 | B125: BRITA | C125: 1046537 | D125: 矿泉壶,PS透明壶身配蓝色上盖1支装,Marella XL 1046537 | E125: 1046537 | F125: LT00050855 | G125: 1A02903 | H125: 0000375691 | J125: EA | K125: 96 | L125: 0 | M125: 0 | N125: 96 | P125: 0 | Q125: 0 | R125: 0 | S125: 0 | T125: 0 | U125: 0 | V125: 0 | W125: 0 | X125: 0 | Y125: 0 | AC125: 2024-06-03 | AD125: 2031-06-03 | AE125: 2024-06-03 | AF125: KI4227 | AG125: 1020UR | AI125: N | AJ125: 1 | AK125: =IF(AJ125>$AP$2,$AQ$2,IF(AJ125>$AP$3,$AQ$3,IF(AJ125>$AP$4,$AQ$4,$AQ$5))) -> =<90 | AL125: =VLOOKUP(C:C,[1]基础信息!B$1:D$65536,3,0) -> Jug | AM125: =VLOOKUP(C:C,[1]基础信息!B$1:E$65536,4,0) -> Marella XL | AN125: =VLOOKUP(C:C,[1]基础信息!B$1:F$65536,5,0) -> Blue
A126: WH01 | B126: BRITA | C126: 1046537 | D126: 矿泉壶,PS透明壶身配蓝色上盖1支装,Marella XL 1046537 | E126: 1046537 | F126: LT00050855 | G126: 1A02904 | H126: 0000375692 | J126: EA | K126: 96 | L126: 0 | M126: 0 | N126: 96 | P126: 0 | Q126: 0 | R126: 0 | S126: 0 | T126: 0 | U126: 0 | V126: 0 | W126: 0 | X126: 0 | Y126: 0 | AC126: 2024-06-03 | AD126: 2031-06-03 | AE126: 2024-06-03 | AF126: KI4227 | AG126: 1020UR | AI126: N | AJ126: 1 | AK126: =IF(AJ126>$AP$2,$AQ$2,IF(AJ126>$AP$3,$AQ$3,IF(AJ126>$AP$4,$AQ$4,$AQ$5))) -> =<90 | AL126: =VLOOKUP(C:C,[1]基础信息!B$1:D$65536,3,0) -> Jug | AM126: =VLOOKUP(C:C,[1]基础信息!B$1:E$65536,4,0) -> Marella XL | AN126: =VLOOKUP(C:C,[1]基础信息!B$1:F$65536,5,0) -> Blue
A127: WH01 | B127: BRITA | C127: 1049188 | D127: 矿泉壶,PS透明壶身配蓝色上盖6支装,,Green Pack 1049188 | E127: * | F127: LT00050093 | G127: 1A02905 | H127: 0000372765 | J127: EA | K127: 70 | L127: 0 | M127: 0 | N127: 70 | P127: 0 | Q127: 0 | R127: 0 | S127: 0 | T127: 0 | U127: 0 | V127: 0 | W127: 0 | X127: 0 | Y127: 0 | AC127: 2024-05-14 | AD127: 2031-05-14 | AE127: 2024-05-14 | AF127: KI4182 | AG127: 1020UR | AI127: N | AJ127: 1 | AK127: =IF(AJ127>$AP$2,$AQ$2,IF(AJ127>$AP$3,$AQ$3,IF(AJ127>$AP$4,$AQ$4,$AQ$5))) -> =<90 | AL127: =VLOOKUP(C:C,[1]基础信息!B$1:D$65536,3,0) -> Jug | AM127: =VLOOKUP(C:C,[1]基础信息!B$1:E$65536,4,0) -> Marella XL | AN127: =VLOOKUP(C:C,[1]基础信息!B$1:F$65536,5,0) -> Blue
A128: WH01 | B128: BRITA | C128: 1053318 | D128: F&B Dispen Ladoga MXplus UVC Whi CU CN | E128: * | F128: LT00051629 | G128: 1A03003 | H128: 0000378674 | J128: EA | K128: 36 | L128: 0 | M128: 0 | N128: 36 | P128: 0 | Q128: 0 | R128: 0 | S128: 0 | T128: 0 | U128: 0 | V128: 0 | W128: 0 | X128: 0 | Y128: 0 | AC128: 2024-06-22 | AD128: 2031-06-22 | AE128: 2024-06-24 | AF128: WH4245 | AG128: 1020UR | AI128: N | AJ128: 1 | AK128: =IF(AJ128>$AP$2,$AQ$2,IF(AJ128>$AP$3,$AQ$3,IF(AJ128>$AP$4,$AQ$4,$AQ$5))) -> =<90 | AL128: =VLOOKUP(C:C,[1]基础信息!B$1:D$65536,3,0) -> Hotcup | AM128: =VLOOKUP(C:C,[1]基础信息!B$1:E$65536,4,0) -> Hotcup | AN128: =VLOOKUP(C:C,[1]基础信息!B$1:F$65536,5,0) -> Whi
A129: WH01 | B129: BRITA | C129: 1046537 | D129: 矿泉壶,PS透明壶身配蓝色上盖1支装,Marella XL 1046537 | E129: 1046537 | F129: LT00050855 | G129: 1A03004 | H129: 0000375693 | J129: EA | K129: 96 | L129: 0 | M129: 0 | N129: 96 | P129: 0 | Q129: 0 | R129: 0 | S129: 0 | T129: 0 | U129: 0 | V129: 0 | W129: 0 | X129: 0 | Y129: 0 | AC129: 2024-06-03 | AD129: 2031-06-03 | AE129: 2024-06-03 | AF129: KI4227 | AG129: 1020UR | AI129: N | AJ129: 1 | AK129: =IF(AJ129>$AP$2,$AQ$2,IF(AJ129>$AP$3,$AQ$3,IF(AJ129>$AP$4,$AQ$4,$AQ$5))) -> =<90 | AL129: =VLOOKUP(C:C,[1]基础信息!B$1:D$65536,3,0) -> Jug | AM129: =VLOOKUP(C:C,[1]基础信息!B$1:E$65536,4,0) -> Marella XL | AN129: =VLOOKUP(C:C,[1]基础信息!B$1:F$65536,5,0) -> Blue
A130: WH01 | B130: BRITA | C130: 1053318 | D130: F&B Dispen Ladoga MXplus UVC Whi CU CN | E130: * | F130: LT00051629 | G130: 1A03005 | H130: 0000378675 | J130: EA | K130: 36 | L130: 0 | M130: 0 | N130: 36 | P130: 0 | Q130: 0 | R130: 0 | S130: 0 | T130: 0 | U130: 0 | V130: 0 | W130: 0 | X130: 0 | Y130: 0 | AC130: 2024-06-22 | AD130: 2031-06-22 | AE130: 2024-06-24 | AF130: WH4245 | AG130: 1020UR | AI130: N | AJ130: 1 | AK130: =IF(AJ130>$AP$2,$AQ$2,IF(AJ130>$AP$3,$AQ$3,IF(AJ130>$AP$4,$AQ$4,$AQ$5))) -> =<90 | AL130: =VLOOKUP(C:C,[1]基础信息!B$1:D$65536,3,0) -> Hotcup | AM130: =VLOOKUP(C:C,[1]基础信息!B$1:E$65536,4,0) -> Hotcup | AN130: =VLOOKUP(C:C,[1]基础信息!B$1:F$65536,5,0) -> Whi
A131: WH01 | B131: BRITA | C131: 1046537 | D131: 矿泉壶,PS透明壶身配蓝色上盖1支装,Marella XL 1046537 | E131: 1046537 | F131: LT00050855 | G131: 1A03101 | H131: 0000375694 | J131: EA | K131: 96 | L131: 0 | M131: 0 | N131: 96 | P131: 0 | Q131: 0 | R131: 0 | S131: 0 | T131: 0 | U131: 0 | V131: 0 | W131: 0 | X131: 0 | Y131: 0 | AC131: 2024-06-03 | AD131: 2031-06-03 | AE131: 2024-06-03 | AF131: KI4227 | AG131: 1020UR | AI131: N | AJ131: 1 | AK131: =IF(AJ131>$AP$2,$AQ$2,IF(AJ131>$AP$3,$AQ$3,IF(AJ131>$AP$4,$AQ$4,$AQ$5))) -> =<90 | AL131: =VLOOKUP(C:C,[1]基础信息!B$1:D$65536,3,0) -> Jug | AM131: =VLOOKUP(C:C,[1]基础信息!B$1:E$65536,4,0) -> Marella XL | AN131: =VLOOKUP(C:C,[1]基础信息!B$1:F$65536,5,0) -> Blue
... A184: WH01 | B184: BRITA | C184: 1046582 | D184: Style XL LED4W bl incl 1UN +5LE SIOC CNO | E184: * | F184: LT00047350 | G184: 1A04201 | H184: 0000360577 | J184: EA | K184: 60 | L184: 0 | M184: 0 | N184: 60 | P184: 0 | Q184: 0 | R184: 0 | S184: 0 | T184: 0 | U184: 0 | V184: 0 | W184: 0 | X184: 0 | Y184: 0 | AC184: 2024-03-06 | AD184: 2030-03-06 | AE184: 2024-03-07 | AF184: YE4036S2 | AG184: 1020UR | AI184: N | AJ184: 1 | AK184: =IF(AJ184>$AP$2,$AQ$2,IF(AJ184>$AP$3,$AQ$3,IF(AJ184>$AP$4,$AQ$4,$AQ$5))) -> =<90 | AL184: =VLOOKUP(C:C,[1]基础信息!B$1:D$65536,3,0) -> Jug | AM184: =VLOOKUP(C:C,[1]基础信息!B$1:E$65536,4,0) -> Style | AN184: =VLOOKUP(C:C,[1]基础信息!B$1:F$65536,5,0) -> Blue
A185: WH01 | B185: BRITA | C185: 1043270 | D185: "Aluna XL ME4W blue BCM CU CNO | E185: * | F185: LT00047611 | G185: 1A04202 | H185: * | I185: * | J185: EA | K185: 96 | L185: 0 | M185: 0 | N185: 96 | P185: 0 | Q185: 0 | R185: 0 | S185: 0 | T185: 0 | U185: 0 | V185: 0 | W185: 0 | X185: 0 | Y185: 0 | AC185: 2024-03-11 | AD185: 2031-03-11 | AE185: 2024-03-11 | AF185: YE4087A3 | AG185: 1020UR | AI185: N | AJ185: 1 | AK185: =IF(AJ185>$AP$2,$AQ$2,IF(AJ185>$AP$3,$AQ$3,IF(AJ185>$AP$4,$AQ$4,$AQ$5))) -> =<90 | AL185: =VLOOKUP(C:C,[1]基础信息!B$1:D$65536,3,0) -> Jug | AM185: =VLOOKUP(C:C,[1]基础信息!B$1:E$65536,4,0) -> Aluna | AN185: =VLOOKUP(C:C,[1]基础信息!B$1:F$65536,5,0) -> Blue
A186: WH01 | B186: BRITA | C186: 1046537 | D186: 矿泉壶,PS透明壶身配蓝色上盖1支装,Marella XL 1046537 | E186: 1046537 | F186: LT00050065 | G186: 1A04203 | H186: 0000372420 | J186: EA | K186: 96 | L186: 0 | M186: 0 | N186: 96 | P186: 0 | Q186: 0 | R186: 0 | S186: 0 | T186: 0 | U186: 0 | V186: 0 | W186: 0 | X186: 0 | Y186: 0 | AC186: 2024-05-13 | AD186: 2031-05-13 | AE186: 2024-05-13 | AF186: KI4196 | AG186: 1020UR | AI186: N | AJ186: 1 | AK186: =IF(AJ186>$AP$2,$AQ$2,IF(AJ186>$AP$3,$AQ$3,IF(AJ186>$AP$4,$AQ$4,$AQ$5))) -> =<90 | AL186: =VLOOKUP(C:C,[1]基础信息!B$1:D$65536,3,0) -> Jug | AM186: =VLOOKUP(C:C,[1]基础信息!B$1:E$65536,4,0) -> Marella XL | AN186: =VLOOKUP(C:C,[1]基础信息!B$1:F$65536,5,0) -> Blue
A187: WH01 | B187: BRITA | C187: 1046727 | D187: 矿泉壶,PS透明壶身配亮蓝色上盖1支装,Marella XL 1046727 | E187: 1046727 | F187: LT00040776 | G187: 1A04204 | H187: 0000324628 | J187: EA | K187: 96 | L187: 0 | M187: 0 | N187: 96 | P187: 0 | Q187: 0 | R187: 0 | S187: 0 | T187: 0 | U187: 0 | V187: 0 | W187: 0 | X187: 0 | Y187: 0 | AC187: 2023-06-14 | AD187: 2030-06-14 | AE187: 2023-06-14 | AF187: KI3247 | AG187: 1024UR | AI187: N | AJ187: 1 | AK187: =IF(AJ187>$AP$2,$AQ$2,IF(AJ187>$AP$3,$AQ$3,IF(AJ187>$AP$4,$AQ$4,$AQ$5))) -> =<90 | AL187: =VLOOKUP(C:C,[1]基础信息!B$1:D$65536,3,0) -> Jug | AM187: =VLOOKUP(C:C,[1]基础信息!B$1:E$65536,4,0) -> Marella XL | AN187: =VLOOKUP(C:C,[1]基础信息!B$1:F$65536,5,0) -> Blue
A188: WH01 | B188: BRITA | C188: 1046537 | D188: 矿泉壶,PS透明壶身配蓝色上盖1支装,Marella XL 1046537 | E188: 1046537 | F188: LT00050065 | G188: 1A04205 | H188: 0000372421 | J188: EA | K188: 96 | L188: 0 | M188: 0 | N188: 96 | P188: 0 | Q188: 0 | R188: 0 | S188: 0 | T188: 0 | U188: 0 | V188: 0 | W188: 0 | X188: 0 | Y188: 0 | AC188: 2024-05-13 | AD188: 2031-05-13 | AE188: 2024-05-13 | AF188: KI4196 | AG188: 1020UR | AI188: N | AJ188: 1 | AK188: =IF(AJ188>$AP$2,$AQ$2,IF(AJ188>$AP$3,$AQ$3,IF(AJ188>$AP$4,$AQ$4,$AQ$5))) -> =<90 | AL188: =VLOOKUP(C:C,[1]基础信息!B$1:D$65536,3,0) -> Jug | AM188: =VLOOKUP(C:C,[1]基础信息!B$1:E$65536,4,0) -> Marella XL | AN188: =VLOOKUP(C:C,[1]基础信息!B$1:F$65536,5,0) -> Blue
A189: WH01 | B189: BRITA | C189: 1046537 | D189: 矿泉壶,PS透明壶身配蓝色上盖1支装,Marella XL 1046537 | E189: 1046537 | F189: LT00050065 | G189: 1A04301 | H189: 0000372422 | J189: EA | K189: 96 | L189: 0 | M189: 0 | N189: 96 | P189: 0 | Q189: 0 | R189: 0 | S189: 0 | T189: 0 | U189: 0 | V189: 0 | W189: 0 | X189: 0 | Y189: 0 | AC189: 2024-05-13 | AD189: 2031-05-13 | AE189: 2024-05-13 | AF189: KI4196 | AG189: 1020UR | AI189: N | AJ189: 1 | AK189: =IF(AJ189>$AP$2,$AQ$2,IF(AJ189>$AP$3,$AQ$3,IF(AJ189>$AP$4,$AQ$4,$AQ$5))) -> =<90 | AL189: =VLOOKUP(C:C,[1]基础信息!B$1:D$65536,3,0) -> Jug | AM189: =VLOOKUP(C:C,[1]基础信息!B$1:E$65536,4,0) -> Marella XL | AN189: =VLOOKUP(C:C,[1]基础信息!B$1:F$65536,5,0) -> Blue
A190: WH01 | B190: BRITA | C190: 1046727 | D190: 矿泉壶,PS透明壶身配亮蓝色上盖1支装,Marella XL 1046727 | E190: 1046727 | F190: LT00040776 | G190: 1A04302 | H190: 0000324629 | J190: EA | K190: 96 | L190: 0 | M190: 0 | N190: 96 | P190: 0 | Q190: 0 | R190: 0 | S190: 0 | T190: 0 | U190: 0 | V190: 0 | W190: 0 | X190: 0 | Y190: 0 | AC190: 2023-06-14 | AD190: 2030-06-14 | AE190: 2023-06-14 | AF190: KI3247 | AG190: 1024UR | AI190: N | AJ190: 1 | AK190: =IF(AJ190>$AP$2,$AQ$2,IF(AJ190>$AP$3,$AQ$3,IF(AJ190>$AP$4,$AQ$4,$AQ$5))) -> =<90 | AL190: =VLOOKUP(C:C,[1]基础信息!B$1:D$65536,3,0) -> Jug | AM190: =VLOOKUP(C:C,[1]基础信息!B$1:E$65536,4,0) -> Marella XL | AN190: =VLOOKUP(C:C,[1]基础信息!B$1:F$65536,5,0) -> Blue
A191: WH01 | B191: BRITA | C191: 1046537 | D191: 矿泉壶,PS透明壶身配蓝色上盖1支装,Marella XL 1046537 | E191: 1046537 | F191: LT00050065 | G191: 1A04303 | H191: 0000372423 | J191: EA | K191: 96 | L191: 0 | M191: 0 | N191: 96 | P191: 0 | Q191: 0 | R191: 0 | S191: 0 | T191: 0 | U191: 0 | V191: 0 | W191: 0 | X191: 0 | Y191: 0 | AC191: 2024-05-13 | AD191: 2031-05-13 | AE191: 2024-05-13 | AF191: KI4196 | AG191: 1020UR | AI191: N | AJ191: 1 | AK191: =IF(AJ191>$AP$2,$AQ$2,IF(AJ191>$AP$3,$AQ$3,IF(AJ191>$AP$4,$AQ$4,$AQ$5))) -> =<90 | AL191: =VLOOKUP(C:C,[1]基础信息!B$1:D$65536,3,0) -> Jug | AM191: =VLOOKUP(C:C,[1]基础信息!B$1:E$65536,4,0) -> Marella XL | AN191: =VLOOKUP(C:C,[1]基础信息!B$1:F$65536,5,0) -> Blue
A192: WH01 | B192: BRITA | C192: 1046727 | D192: 矿泉壶,PS透明壶身配亮蓝色上盖1支装,Marella XL 1046727 | E192: 1046727 | F192: LT00040776 | G192: 1A04304 | H192: 0000324630 | J192: EA | K192: 96 | L192: 0 | M192: 0 | N192: 96 | P192: 0 | Q192: 0 | R192: 0 | S192: 0 | T192: 0 | U192: 0 | V192: 0 | W192: 0 | X192: 0 | Y192: 0 | AC192: 2023-06-14 | AD192: 2030-06-14 | AE192: 2023-06-14 | AF192: KI3247 | AG192: 1024UR | AI192: N | AJ192: 1 | AK192: =IF(AJ192>$AP$2,$AQ$2,IF(AJ192>$AP$3,$AQ$3,IF(AJ192>$AP$4,$AQ$4,$AQ$5))) -> =<90 | AL192: =VLOOKUP(C:C,[1]基础信息!B$1:D$65536,3,0) -> Jug | AM192: =VLOOKUP(C:C,[1]基础信息!B$1:E$65536,4,0) -> Marella XL | AN192: =VLOOKUP(C:C,[1]基础信息!B$1:F$65536,5,0) -> Blue
A193: WH01 | B193: BRITA | C193: 1045641 | D193: "Style XL LED4W Mxplus blue NT CU CNO_x000D_ 滤水壶; Style 中国蓝 一壶一芯" | E193: * | F193: LT00050020 | G193: 1A04305 | H193: 0000372197 | J193: EA | K193: 96 | L193: 0 | M193: 0 | N193: 96 | P193: 0 | Q193: 0 | R193: 0 | S193: 0 | T193: 0 | U193: 0 | V193: 0 | W193: 0 | X193: 0 | Y193: 0 | AC193: 2024-05-11 | AD193: 2031-05-11 | AE193: 2024-05-11 | AF193: YE4174S2 | AG193: 1020UR | AI193: N | AJ193: 1 | AK193: =IF(AJ193>$AP$2,$AQ$2,IF(AJ193>$AP$3,$AQ$3,IF(AJ193>$AP$4,$AQ$4,$AQ$5))) -> =<90 | AL193: =VLOOKUP(C:C,[1]基础信息!B$1:D$65536,3,0) -> Jug | AM193: =VLOOKUP(C:C,[1]基础信息!B$1:E$65536,4,0) -> Mxplus | AN193: =VLOOKUP(C:C,[1]基础信息!B$1:F$65536,5,0) -> Blue
A194: WH01 | B194: BRITA | C194: 1049191 | D194: 矿泉壶,PS透明壶身配蓝色上盖6支装,,Green Pack 1049191 | E194: * | F194: LT00052073 | G194: 1A04401 | H194: 0000379838 | J194: EA | K194: 70 | L194: 0 | M194: 0 | N194: 70 | P194: 0 | Q194: 0 | R194: 0 | S194: 0 | T194: 0 | U194: 0 | V194: 0 | W194: 0 | X194: 0 | Y194: 0 | AC194: 2024-07-01 | AD194: 2031-07-01 | AE194: 2024-07-02 | AF194: KI4222 | AG194: 1020UR | AI194: N | AJ194: 1 | AK194: =IF(AJ194>$AP$2,$AQ$2,IF(AJ194>$AP$3,$AQ$3,IF(AJ194>$AP$4,$AQ$4,$AQ$5))) -> =<90 | AL194: =VLOOKUP(C:C,[1]基础信息!B$1:D$65536,3,0) -> Jug | AM194: =VLOOKUP(C:C,[1]基础信息!B$1:E$65536,4,0) -> Green Pack | AN194: =VLOOKUP(C:C,[1]基础信息!B$1:F$65536,5,0) -> Blue
A195: WH01 | B195: BRITA | C195: 1046727 | D195: 矿泉壶,PS透明壶身配亮蓝色上盖1支装,Marella XL 1046727 | E195: 1046727 | F195: LT00040776 | G195: 1A04402 | H195: 0000324631 | J195: EA | K195: 96 | L195: 0 | M195: 0 | N195: 96 | P195: 0 | Q195: 0 | R195: 0 | S195: 0 | T195: 0 | U195: 0 | V195: 0 | W195: 0 | X195: 0 | Y195: 0 | AC195: 2023-06-14 | AD195: 2030-06-14 | AE195: 2023-06-14 | AF195: KI3247 | AG195: 1024UR | AI195: N | AJ195: 1 | AK195: =IF(AJ195>$AP$2,$AQ$2,IF(AJ195>$AP$3,$AQ$3,IF(AJ195>$AP$4,$AQ$4,$AQ$5))) -> =<90 | AL195: =VLOOKUP(C:C,[1]基础信息!B$1:D$65536,3,0) -> Jug | AM195: =VLOOKUP(C:C,[1]基础信息!B$1:E$65536,4,0) -> Marella XL | AN195: =VLOOKUP(C:C,[1]基础信息!B$1:F$65536,5,0) -> Blue
A196: WH01 | B196: BRITA | C196: 1049191 | D196: 矿泉壶,PS透明壶身配蓝色上盖6支装,,Green Pack 1049191 | E196: * | F196: LT00052073 | G196: 1A04403 | H196: 0000379839 | J196: EA | K196: 70 | L196: 0 | M196: 0 | N196: 70 | P196: 0 | Q196: 0 | R196: 0 | S196: 0 | T196: 0 | U196: 0 | V196: 0 | W196: 0 | X196: 0 | Y196: 0 | AC196: 2024-07-01 | AD196: 2031-07-01 | AE196: 2024-07-02 | AF196: KI4222 | AG196: 1020UR | AI196: N | AJ196: 1 | AK196: =IF(AJ196>$AP$2,$AQ$2,IF(AJ196>$AP$3,$AQ$3,IF(AJ196>$AP$4,$AQ$4,$AQ$5))) -> =<90 | AL196: =VLOOKUP(C:C,[1]基础信息!B$1:D$65536,3,0) -> Jug | AM196: =VLOOKUP(C:C,[1]基础信息!B$1:E$65536,4,0) -> Green Pack | AN196: =VLOOKUP(C:C,[1]基础信息!B$1:F$65536,5,0) -> Blue
A197: WH01 | B197: BRITA | C197: 1045641 | D197: "Style XL LED4W Mxplus blue NT CU CNO_x000D_ 滤水壶; Style 中国蓝 一壶一芯" | E197: * | F197: LT00050020 | G197: 1A04404 | H197: 0000372198 | J197: EA | K197: 96 | L197: 0 | M197: 0 | N197: 96 | P197: 0 | Q197: 0 | R197: 0 | S197: 0 | T197: 0 | U197: 0 | V197: 0 | W197: 0 | X197: 0 | Y197: 0 | AC197: 2024-05-11 | AD197: 2031-05-11 | AE197: 2024-05-11 | AF197: YE4174S2 | AG197: 1020UR | AI197: N | AJ197: 1 | AK197: =IF(AJ197>$AP$2,$AQ$2,IF(AJ197>$AP$3,$AQ$3,IF(AJ197>$AP$4,$AQ$4,$AQ$5))) -> =<90 | AL197: =VLOOKUP(C:C,[1]基础信息!B$1:D$65536,3,0) -> Jug | AM197: =VLOOKUP(C:C,[1]基础信息!B$1:E$65536,4,0) -> Mxplus | AN197: =VLOOKUP(C:C,[1]基础信息!B$1:F$65536,5,0) -> Blue
... A248: WH01 | B248: BRITA | C248: 1043879 | D248: Style LED4W MXPlUS blue CU CNO | E248: * | F248: LT00042376 | G248: 1A05502 | H248: 0000342239 | J248: EA | K248: 168 | L248: 0 | M248: 0 | N248: 168 | P248: 0 | Q248: 0 | R248: 0 | S248: 0 | T248: 0 | U248: 0 | V248: 0 | W248: 0 | X248: 0 | Y248: 0 | AC248: 2023-10-09 | AD248: 2030-10-09 | AE248: 2023-10-09 | AF248: 00030576 | AG248: 1020UR | AI248: N | AJ248: 1 | AK248: =IF(AJ248>$AP$2,$AQ$2,IF(AJ248>$AP$3,$AQ$3,IF(AJ248>$AP$4,$AQ$4,$AQ$5))) -> =<90 | AL248: =VLOOKUP(C:C,[1]基础信息!B$1:D$65536,3,0) -> Jug | AM248: =VLOOKUP(C:C,[1]基础信息!B$1:E$65536,4,0) -> Style COOL | AN248: =VLOOKUP(C:C,[1]基础信息!B$1:F$65536,5,0) -> Cool Blue
A249: WH01 | B249: BRITA | C249: 1034162 | D249: Dispenser mypure RO + U5 sparepart | E249: * | F249: LT00043606 | G249: 1A05503 | H249: 0000348866 | J249: EA | K249: 17 | L249: 0 | M249: 0 | N249: 17 | P249: 0 | Q249: 0 | R249: 0 | S249: 0 | T249: 0 | U249: 0 | V249: 0 | W249: 0 | X249: 0 | Y249: 0 | AC249: 2023-11-28 | AD249: 2030-11-28 | AE249: 2023-11-28 | AG249: 1020UR | AI249: N | AJ249: 1 | AK249: =IF(AJ249>$AP$2,$AQ$2,IF(AJ249>$AP$3,$AQ$3,IF(AJ249>$AP$4,$AQ$4,$AQ$5))) -> =<90 | AL249: =VLOOKUP(C:C,[1]基础信息!B$1:D$65536,3,0) -> Spare Parts | AM249: =VLOOKUP(C:C,[1]基础信息!B$1:E$65536,4,0) -> Spare Parts | AN249: =VLOOKUP(C:C,[1]基础信息!B$1:F$65536,5,0) -> Spare Parts
A250: WH01 | B250: BRITA | C250: 1045641 | D250: "Style XL LED4W Mxplus blue NT CU CNO_x000D_ 滤水壶; Style 中国蓝 一壶一芯" | E250: * | F250: LT00050020 | G250: 1A05504 | H250: 0000372205 | J250: EA | K250: 96 | L250: 0 | M250: 0 | N250: 96 | P250: 0 | Q250: 0 | R250: 0 | S250: 0 | T250: 0 | U250: 0 | V250: 0 | W250: 0 | X250: 0 | Y250: 0 | AC250: 2024-05-11 | AD250: 2031-05-11 | AE250: 2024-05-11 | AF250: YE4174S2 | AG250: 1020UR | AI250: N | AJ250: 1 | AK250: =IF(AJ250>$AP$2,$AQ$2,IF(AJ250>$AP$3,$AQ$3,IF(AJ250>$AP$4,$AQ$4,$AQ$5))) -> =<90 | AL250: =VLOOKUP(C:C,[1]基础信息!B$1:D$65536,3,0) -> Jug | AM250: =VLOOKUP(C:C,[1]基础信息!B$1:E$65536,4,0) -> Mxplus | AN250: =VLOOKUP(C:C,[1]基础信息!B$1:F$65536,5,0) -> Blue
A251: WH01 | B251: BRITA | C251: 1043879 | D251: Style LED4W MXPlUS blue CU CNO | E251: * | F251: LT00042376 | G251: 1A05505 | H251: 0000342240 | J251: EA | K251: 7 | L251: 0 | M251: 0 | N251: 7 | P251: 0 | Q251: 0 | R251: 0 | S251: 0 | T251: 0 | U251: 0 | V251: 0 | W251: 0 | X251: 0 | Y251: 0 | AC251: 2023-10-09 | AD251: 2030-10-09 | AE251: 2023-10-09 | AF251: 00030576 | AG251: 1020UR | AI251: N | AJ251: 1 | AK251: =IF(AJ251>$AP$2,$AQ$2,IF(AJ251>$AP$3,$AQ$3,IF(AJ251>$AP$4,$AQ$4,$AQ$5))) -> =<90 | AL251: =VLOOKUP(C:C,[1]基础信息!B$1:D$65536,3,0) -> Jug | AM251: =VLOOKUP(C:C,[1]基础信息!B$1:E$65536,4,0) -> Style COOL | AN251: =VLOOKUP(C:C,[1]基础信息!B$1:F$65536,5,0) -> Cool Blue
A252: WH01 | B252: BRITA | C252: 1045641 | D252: "Style XL LED4W Mxplus blue NT CU CNO_x000D_ 滤水壶; Style 中国蓝 一壶一芯" | E252: * | F252: LT00050020 | G252: 1A05601 | H252: 0000372206 | J252: EA | K252: 96 | L252: 0 | M252: 0 | N252: 96 | P252: 0 | Q252: 0 | R252: 0 | S252: 0 | T252: 0 | U252: 0 | V252: 0 | W252: 0 | X252: 0 | Y252: 0 | AC252: 2024-05-11 | AD252: 2031-05-11 | AE252: 2024-05-11 | AF252: YE4174S2 | AG252: 1020UR | AI252: N | AJ252: 1 | AK252: =IF(AJ252>$AP$2,$AQ$2,IF(AJ252>$AP$3,$AQ$3,IF(AJ252>$AP$4,$AQ$4,$AQ$5))) -> =<90 | AL252: =VLOOKUP(C:C,[1]基础信息!B$1:D$65536,3,0) -> Jug | AM252: =VLOOKUP(C:C,[1]基础信息!B$1:E$65536,4,0) -> Mxplus | AN252: =VLOOKUP(C:C,[1]基础信息!B$1:F$65536,5,0) -> Blue
A253: WH01 | B253: BRITA | C253: 1043879 | D253: Style LED4W MXPlUS blue CU CNO | E253: * | F253: LT00042376 | G253: 1A05602 | H253: 0000342241 | J253: EA | K253: 168 | L253: 0 | M253: 0 | N253: 168 | P253: 0 | Q253: 0 | R253: 0 | S253: 0 | T253: 0 | U253: 0 | V253: 0 | W253: 0 | X253: 0 | Y253: 0 | AC253: 2023-10-09 | AD253: 2030-10-09 | AE253: 2023-10-09 | AF253: 00030576 | AG253: 1020UR | AI253: N | AJ253: 1 | AK253: =IF(AJ253>$AP$2,$AQ$2,IF(AJ253>$AP$3,$AQ$3,IF(AJ253>$AP$4,$AQ$4,$AQ$5))) -> =<90 | AL253: =VLOOKUP(C:C,[1]基础信息!B$1:D$65536,3,0) -> Jug | AM253: =VLOOKUP(C:C,[1]基础信息!B$1:E$65536,4,0) -> Style COOL | AN253: =VLOOKUP(C:C,[1]基础信息!B$1:F$65536,5,0) -> Cool Blue
A254: WH01 | B254: BRITA | C254: 1043879 | D254: Style LED4W MXPlUS blue CU CNO | E254: * | F254: LT00042376 | G254: 1A05603 | H254: 0000342242 | J254: EA | K254: 168 | L254: 0 | M254: 0 | N254: 168 | P254: 0 | Q254: 0 | R254: 0 | S254: 0 | T254: 0 | U254: 0 | V254: 0 | W254: 0 | X254: 0 | Y254: 0 | AC254: 2023-10-09 | AD254: 2030-10-09 | AE254: 2023-10-09 | AF254: 00030576 | AG254: 1020UR | AI254: N | AJ254: 1 | AK254: =IF(AJ254>$AP$2,$AQ$2,IF(AJ254>$AP$3,$AQ$3,IF(AJ254>$AP$4,$AQ$4,$AQ$5))) -> =<90 | AL254: =VLOOKUP(C:C,[1]基础信息!B$1:D$65536,3,0) -> Jug | AM254: =VLOOKUP(C:C,[1]基础信息!B$1:E$65536,4,0) -> Style COOL | AN254: =VLOOKUP(C:C,[1]基础信息!B$1:F$65536,5,0) -> Cool Blue
A255: WH01 | B255: BRITA | C255: 1043879 | D255: Style LED4W MXPlUS blue CU CNO | E255: * | F255: LT00042376 | G255: 1A05604 | H255: 0000342243 | J255: EA | K255: 168 | L255: 0 | M255: 0 | N255: 168 | P255: 0 | Q255: 0 | R255: 0 | S255: 0 | T255: 0 | U255: 0 | V255: 0 | W255: 0 | X255: 0 | Y255: 0 | AC255: 2023-10-09 | AD255: 2030-10-09 | AE255: 2023-10-09 | AF255: 00030576 | AG255: 1020UR | AI255: N | AJ255: 1 | AK255: =IF(AJ255>$AP$2,$AQ$2,IF(AJ255>$AP$3,$AQ$3,IF(AJ255>$AP$4,$AQ$4,$AQ$5))) -> =<90 | AL255: =VLOOKUP(C:C,[1]基础信息!B$1:D$65536,3,0) -> Jug | AM255: =VLOOKUP(C:C,[1]基础信息!B$1:E$65536,4,0) -> Style COOL | AN255: =VLOOKUP(C:C,[1]基础信息!B$1:F$65536,5,0) -> Cool Blue
A256: WH01 | B256: BRITA | C256: 1043879 | D256: Style LED4W MXPlUS blue CU CNO | E256: * | F256: LT00042376 | G256: 1A05605 | H256: 0000342244 | J256: EA | K256: 168 | L256: 0 | M256: 0 | N256: 168 | P256: 0 | Q256: 0 | R256: 0 | S256: 0 | T256: 0 | U256: 0 | V256: 0 | W256: 0 | X256: 0 | Y256: 0 | AC256: 2023-10-09 | AD256: 2030-10-09 | AE256: 2023-10-09 | AF256: 00030576 | AG256: 1020UR | AI256: N | AJ256: 1 | AK256: =IF(AJ256>$AP$2,$AQ$2,IF(AJ256>$AP$3,$AQ$3,IF(AJ256>$AP$4,$AQ$4,$AQ$5))) -> =<90 | AL256: =VLOOKUP(C:C,[1]基础信息!B$1:D$65536,3,0) -> Jug | AM256: =VLOOKUP(C:C,[1]基础信息!B$1:E$65536,4,0) -> Style COOL | AN256: =VLOOKUP(C:C,[1]基础信息!B$1:F$65536,5,0) -> Cool Blue
A257: WH01 | B257: BRITA | C257: 1043879 | D257: Style LED4W MXPlUS blue CU CNO | E257: * | F257: LT00042376 | G257: 1A05701 | H257: 0000342245 | J257: EA | K257: 168 | L257: 0 | M257: 0 | N257: 168 | P257: 0 | Q257: 0 | R257: 0 | S257: 0 | T257: 0 | U257: 0 | V257: 0 | W257: 0 | X257: 0 | Y257: 0 | AC257: 2023-10-09 | AD257: 2030-10-09 | AE257: 2023-10-09 | AF257: 00030576 | AG257: 1020UR | AI257: N | AJ257: 1 | AK257: =IF(AJ257>$AP$2,$AQ$2,IF(AJ257>$AP$3,$AQ$3,IF(AJ257>$AP$4,$AQ$4,$AQ$5))) -> =<90 | AL257: =VLOOKUP(C:C,[1]基础信息!B$1:D$65536,3,0) -> Jug | AM257: =VLOOKUP(C:C,[1]基础信息!B$1:E$65536,4,0) -> Style COOL | AN257: =VLOOKUP(C:C,[1]基础信息!B$1:F$65536,5,0) -> Cool Blue
A258: WH01 | B258: BRITA | C258: 1045641 | D258: "Style XL LED4W Mxplus blue NT CU CNO_x000D_ 滤水壶; Style 中国蓝 一壶一芯" | E258: * | F258: LT00050020 | G258: 1A05702 | H258: 0000372207 | J258: EA | K258: 96 | L258: 0 | M258: 0 | N258: 96 | P258: 0 | Q258: 0 | R258: 0 | S258: 0 | T258: 0 | U258: 0 | V258: 0 | W258: 0 | X258: 0 | Y258: 0 | AC258: 2024-05-11 | AD258: 2031-05-11 | AE258: 2024-05-11 | AF258: YE4174S2 | AG258: 1020UR | AI258: N | AJ258: 1 | AK258: =IF(AJ258>$AP$2,$AQ$2,IF(AJ258>$AP$3,$AQ$3,IF(AJ258>$AP$4,$AQ$4,$AQ$5))) -> =<90 | AL258: =VLOOKUP(C:C,[1]基础信息!B$1:D$65536,3,0) -> Jug | AM258: =VLOOKUP(C:C,[1]基础信息!B$1:E$65536,4,0) -> Mxplus | AN258: =VLOOKUP(C:C,[1]基础信息!B$1:F$65536,5,0) -> Blue
A259: WH01 | B259: BRITA | C259: 1045641 | D259: "Style XL LED4W Mxplus blue NT CU CNO_x000D_ 滤水壶; Style 中国蓝 一壶一芯" | E259: * | F259: LT00050020 | G259: 1A05703 | H259: 0000372208 | J259: EA | K259: 96 | L259: 0 | M259: 0 | N259: 96 | P259: 0 | Q259: 0 | R259: 0 | S259: 0 | T259: 0 | U259: 0 | V259: 0 | W259: 0 | X259: 0 | Y259: 0 | AC259: 2024-05-11 | AD259: 2031-05-11 | AE259: 2024-05-11 | AF259: YE4174S2 | AG259: 1020UR | AI259: N | AJ259: 1 | AK259: =IF(AJ259>$AP$2,$AQ$2,IF(AJ259>$AP$3,$AQ$3,IF(AJ259>$AP$4,$AQ$4,$AQ$5))) -> =<90 | AL259: =VLOOKUP(C:C,[1]基础信息!B$1:D$65536,3,0) -> Jug | AM259: =VLOOKUP(C:C,[1]基础信息!B$1:E$65536,4,0) -> Mxplus | AN259: =VLOOKUP(C:C,[1]基础信息!B$1:F$65536,5,0) -> Blue
A260: WH01 | B260: BRITA | C260: 1049191 | D260: 矿泉壶,PS透明壶身配蓝色上盖6支装,,Green Pack 1049191 | E260: * | F260: LT00052073 | G260: 1A05704 | H260: 0000379850 | J260: EA | K260: 70 | L260: 0 | M260: 0 | N260: 70 | P260: 0 | Q260: 0 | R260: 0 | S260: 0 | T260: 0 | U260: 0 | V260: 0 | W260: 0 | X260: 0 | Y260: 0 | AC260: 2024-07-01 | AD260: 2031-07-01 | AE260: 2024-07-02 | AF260: KI4222 | AG260: 1020UR | AI260: N | AJ260: 1 | AK260: =IF(AJ260>$AP$2,$AQ$2,IF(AJ260>$AP$3,$AQ$3,IF(AJ260>$AP$4,$AQ$4,$AQ$5))) -> =<90 | AL260: =VLOOKUP(C:C,[1]基础信息!B$1:D$65536,3,0) -> Jug | AM260: =VLOOKUP(C:C,[1]基础信息!B$1:E$65536,4,0) -> Green Pack | AN260: =VLOOKUP(C:C,[1]基础信息!B$1:F$65536,5,0) -> Blue
A261: WH01 | B261: BRITA | C261: 1043879 | D261: Style LED4W MXPlUS blue CU CNO | E261: * | F261: LT00042376 | G261: 1A05705 | H261: 0000342246 | J261: EA | K261: 168 | L261: 0 | M261: 0 | N261: 168 | P261: 0 | Q261: 0 | R261: 0 | S261: 0 | T261: 0 | U261: 0 | V261: 0 | W261: 0 | X261: 0 | Y261: 0 | AC261: 2023-10-09 | AD261: 2030-10-09 | AE261: 2023-10-09 | AF261: 00030576 | AG261: 1020UR | AI261: N | AJ261: 1 | AK261: =IF(AJ261>$AP$2,$AQ$2,IF(AJ261>$AP$3,$AQ$3,IF(AJ261>$AP$4,$AQ$4,$AQ$5))) -> =<90 | AL261: =VLOOKUP(C:C,[1]基础信息!B$1:D$65536,3,0) -> Jug | AM261: =VLOOKUP(C:C,[1]基础信息!B$1:E$65536,4,0) -> Style COOL | AN261: =VLOOKUP(C:C,[1]基础信息!B$1:F$65536,5,0) -> Cool Blue
...

Sheet Sheet1
